order_id,sku,qty
ORD-0001,21108,18
ORD-0001,21015,24
ORD-0001,22801,4
ORD-0001,22798,8
ORD-0001,22800,4
ORD-0001,84347,120
ORD-0001,21803,36
ORD-0002,22418,24
ORD-0002,21731,12
ORD-0002,23084,6
ORD-0002,23445,20
ORD-0002,21791,12
ORD-0002,22759,12
ORD-0002,22421,12
ORD-0002,20975,24
ORD-0002,22983,12
ORD-0002,21507,12
ORD-0002,22037,12
ORD-0002,22029,12
ORD-0002,23356,3
ORD-0002,21479,8
ORD-0002,21930,10
ORD-0002,22596,12
ORD-0002,23343,10
ORD-0002,85123A,6
ORD-0003,23493,10
ORD-0003,23583,10
ORD-0003,22752,6
ORD-0003,22865,24
ORD-0003,21481,12
ORD-0003,21484,24
ORD-0003,23084,24
ORD-0003,21212,24
ORD-0003,23158,24
ORD-0003,23155,24
ORD-0003,23159,24
ORD-0003,23156,12
ORD-0003,22666,6
ORD-0003,20712,10
ORD-0003,62018,6
ORD-0003,21931,10
ORD-0004,22326,18
ORD-0004,85183B,12
ORD-0004,21452,6
ORD-0004,20750,2
ORD-0004,84032A,6
ORD-0004,84032B,6
ORD-0004,23480,4
ORD-0005,21326,144
ORD-0005,23300,12
ORD-0005,23355,4
ORD-0005,21137,16
ORD-0006,21823,10
ORD-0007,23483,72
ORD-0007,20725,20
ORD-0007,22383,20
ORD-0007,23207,20
ORD-0007,82001S,24
ORD-0007,22114,4
ORD-0007,22835,8
ORD-0007,22111,9
ORD-0008,23084,12
ORD-0008,23480,8
ORD-0009,79321,24
ORD-0010,22086,40
ORD-0010,22738,40
ORD-0010,22735,30
ORD-0010,22909,96
ORD-0010,22170,4
ORD-0011,23177,24
ORD-0011,23084,48
ORD-0012,21479,4
ORD-0012,21484,4
ORD-0012,22113,4
ORD-0012,22114,4
ORD-0012,22112,3
ORD-0012,23356,3
ORD-0012,21257,4
ORD-0012,21258,1
ORD-0012,21833,12
ORD-0012,20682,6
ORD-0012,22418,24
ORD-0012,22577,24
ORD-0012,22578,24
ORD-0013,23583,10
ORD-0013,22457,6
ORD-0013,21485,3
ORD-0013,84949,18
ORD-0013,22144,6
ORD-0013,22142,12
ORD-0013,85034B,24
ORD-0013,22801,4
ORD-0013,85034C,24
ORD-0013,21619,12
ORD-0013,22423,1
ORD-0013,85123A,6
ORD-0014,84947,36
ORD-0014,84947,72
ORD-0015,21818,72
ORD-0015,21822,48
ORD-0015,22577,24
ORD-0015,22947,6
ORD-0016,21429,8
ORD-0016,71053,4
ORD-0016,23145,12
ORD-0016,23144,12
ORD-0016,85066,2
ORD-0016,21411,3
ORD-0017,22757,1
ORD-0017,22776,3
ORD-0017,22810,1
ORD-0017,22812,7
ORD-0017,22844,1
ORD-0017,22845,1
ORD-0017,22866,8
ORD-0017,22867,1
ORD-0017,22922,6
ORD-0017,22947,18
ORD-0017,22960,4
ORD-0017,22961,6
ORD-0017,22973,2
ORD-0017,22988,1
ORD-0017,22993,6
ORD-0017,22996,1
ORD-0017,23029,4
ORD-0017,23035,12
ORD-0017,23080,1
ORD-0017,23089,1
ORD-0017,23157,1
ORD-0017,23158,3
ORD-0017,23163,1
ORD-0017,23170,2
ORD-0017,23171,1
ORD-0017,23172,1
ORD-0017,23182,2
ORD-0017,23196,2
ORD-0017,23197,1
ORD-0017,23198,1
ORD-0017,23199,14
ORD-0017,23201,5
ORD-0017,23229,2
ORD-0017,23234,1
ORD-0017,23245,1
ORD-0017,23284,4
ORD-0017,23299,1
ORD-0017,23300,6
ORD-0017,23301,9
ORD-0017,23311,2
ORD-0017,23328,6
ORD-0017,23344,1
ORD-0017,23349,7
ORD-0017,23350,4
ORD-0017,23351,21
ORD-0017,23352,11
ORD-0017,23353,5
ORD-0017,23354,9
ORD-0017,23355,3
ORD-0017,23355,1
ORD-0017,23355,1
ORD-0017,23356,1
ORD-0017,23371,5
ORD-0017,23382,7
ORD-0017,23404,1
ORD-0017,23480,4
ORD-0017,48185,4
ORD-0017,48194,1
ORD-0017,82482,5
ORD-0017,82484,1
ORD-0017,82578,1
ORD-0017,82580,1
ORD-0017,82581,2
ORD-0017,84032A,1
ORD-0017,84032B,4
ORD-0017,84792,1
ORD-0017,85048,4
ORD-0017,85099B,7
ORD-0017,85099C,4
ORD-0017,85174,1
ORD-0017,20676,4
ORD-0017,20679,1
ORD-0017,20711,2
ORD-0017,20712,4
ORD-0017,20713,20
ORD-0017,20718,2
ORD-0017,20961,2
ORD-0017,20970,1
ORD-0017,21035,3
ORD-0017,21116,4
ORD-0017,21124,1
ORD-0017,21137,5
ORD-0017,21156,3
ORD-0017,21169,1
ORD-0017,21181,3
ORD-0017,21216,3
ORD-0017,21217,2
ORD-0017,21218,6
ORD-0017,21257,4
ORD-0017,21328,1
ORD-0017,21329,1
ORD-0017,21426,1
ORD-0017,21428,1
ORD-0017,21430,4
ORD-0017,21494,1
ORD-0017,21558,1
ORD-0017,21559,1
ORD-0017,21561,1
ORD-0017,21621,1
ORD-0017,21625,1
ORD-0017,21706,1
ORD-0017,21731,7
ORD-0017,21774,1
ORD-0017,21786,1
ORD-0017,21790,1
ORD-0017,21809,1
ORD-0017,21843,1
ORD-0017,21864,5
ORD-0017,21871,2
ORD-0017,21874,2
ORD-0017,21876,4
ORD-0017,21888,3
ORD-0017,21889,1
ORD-0017,21916,2
ORD-0017,21918,2
ORD-0017,21928,2
ORD-0017,21929,5
ORD-0017,21930,6
ORD-0017,21931,7
ORD-0017,21934,1
ORD-0017,21935,1
ORD-0017,21948,1
ORD-0017,21949,1
ORD-0017,21955,1
ORD-0017,21989,6
ORD-0017,22041,4
ORD-0017,22042,1
ORD-0017,22076,1
ORD-0017,22077,5
ORD-0017,22083,3
ORD-0017,22085,1
ORD-0017,22090,1
ORD-0017,22094,1
ORD-0017,22131,2
ORD-0017,22135,2
ORD-0017,22141,1
ORD-0017,22142,2
ORD-0017,22144,11
ORD-0017,22156,1
ORD-0017,22161,1
ORD-0017,22173,2
ORD-0017,22178,1
ORD-0017,22179,4
ORD-0017,22187,2
ORD-0017,22193,1
ORD-0017,22195,1
ORD-0017,22196,1
ORD-0017,22207,2
ORD-0017,22278,2
ORD-0017,22297,1
ORD-0017,22309,2
ORD-0017,22352,1
ORD-0017,22357,1
ORD-0017,22358,2
ORD-0017,22361,1
ORD-0017,22366,1
ORD-0017,22371,2
ORD-0017,22379,5
ORD-0017,22381,1
ORD-0017,22384,2
ORD-0017,22386,6
ORD-0017,22411,9
ORD-0017,22414,1
ORD-0017,22441,1
ORD-0017,22457,8
ORD-0017,22469,4
ORD-0017,22549,1
ORD-0017,22553,1
ORD-0017,22621,1
ORD-0017,22624,1
ORD-0017,22629,2
ORD-0017,22630,2
ORD-0017,22634,1
ORD-0017,22644,3
ORD-0017,22645,4
ORD-0017,22646,4
ORD-0017,22663,1
ORD-0017,22666,9
ORD-0017,22668,1
ORD-0017,22670,1
ORD-0017,22677,3
ORD-0017,22679,3
ORD-0017,22681,1
ORD-0017,22686,2
ORD-0017,22689,1
ORD-0017,22692,1
ORD-0017,22697,6
ORD-0017,22698,4
ORD-0017,22699,6
ORD-0017,22720,2
ORD-0017,22722,1
ORD-0017,22728,1
ORD-0017,22732,3
ORD-0017,22733,1
ORD-0017,22734,7
ORD-0017,22754,1
ORD-0018,22219,12
ORD-0018,84879,8
ORD-0018,23247,6
ORD-0018,22596,12
ORD-0018,21533,3
ORD-0018,22733,18
ORD-0018,23323,6
ORD-0018,22141,6
ORD-0018,82494L,6
ORD-0018,22465,12
ORD-0018,22867,12
ORD-0018,22621,12
ORD-0018,22619,4
ORD-0018,22138,3
ORD-0018,22634,2
ORD-0018,22585,12
ORD-0018,22418,24
ORD-0018,22534,24
ORD-0018,23367,16
ORD-0018,21845,36
ORD-0018,21993,12
ORD-0018,22228,12
ORD-0018,23483,12
ORD-0018,23228,24
ORD-0018,23320,12
ORD-0018,22338,96
ORD-0018,35953,48
ORD-0018,84978,12
ORD-0018,22945,12
ORD-0018,22578,24
ORD-0018,23263,12
ORD-0018,23265,12
ORD-0018,23266,12
ORD-0018,23264,12
ORD-0018,22572,12
ORD-0018,21380,6
ORD-0019,22326,6
ORD-0019,20725,10
ORD-0019,22628,4
ORD-0019,22631,12
ORD-0019,84997D,4
ORD-0019,23254,4
ORD-0019,23256,4
ORD-0019,22555,12
ORD-0019,22554,12
ORD-0019,22556,12
ORD-0019,20973,24
ORD-0019,23371,16
ORD-0019,20983,12
ORD-0019,21890,6
ORD-0019,21891,12
ORD-0019,21892,12
ORD-0019,22619,4
ORD-0019,22620,12
ORD-0019,22382,10
ORD-0020,22620,1
ORD-0020,22439,2
ORD-0020,23439,1
ORD-0020,22866,1
ORD-0020,21034,6
ORD-0020,85099B,10
ORD-0020,85099F,10
ORD-0020,21790,6
ORD-0020,22112,2
ORD-0020,84029E,2
ORD-0020,84029G,1
ORD-0020,20728,10
ORD-0020,20992,48
ORD-0020,20971,12
ORD-0020,20972,12
ORD-0021,23378,48
ORD-0021,22086,6
ORD-0021,22629,64
ORD-0021,22382,30
ORD-0021,22614,24
ORD-0021,23201,10
ORD-0021,22659,64
ORD-0021,22630,64
ORD-0021,22662,30
ORD-0021,23377,24
ORD-0021,22972,24
ORD-0021,22974,24
ORD-0021,23207,30
ORD-0021,22616,48
ORD-0022,22899,6
ORD-0022,23077,20
ORD-0022,23078,24
ORD-0022,20749,4
ORD-0022,23280,24
ORD-0022,23510,20
ORD-0022,23507,20
ORD-0022,22420,100
ORD-0022,20973,24
ORD-0022,23191,48
ORD-0022,22030,12
ORD-0022,23549,25
ORD-0022,23550,25
ORD-0022,23230,25
ORD-0022,23545,25
ORD-0022,23493,10
ORD-0022,22964,6
ORD-0022,22898,8
ORD-0022,22941,6
ORD-0022,22942,6
ORD-0022,35970,24
ORD-0022,23434,24
ORD-0022,23354,24
ORD-0022,23351,24
ORD-0022,23234,12
ORD-0022,23353,24
ORD-0022,23350,24
ORD-0022,23349,24
ORD-0022,23374,20
ORD-0022,23373,20
ORD-0022,23436,24
ORD-0022,23438,24
ORD-0022,22037,12
ORD-0022,22712,12
ORD-0022,22959,25
ORD-0022,22734,12
ORD-0022,22491,12
ORD-0022,22489,24
ORD-0022,22583,6
ORD-0022,23233,25
ORD-0022,22585,12
ORD-0022,22028,12
ORD-0022,16161U,25
ORD-0022,22568,4
ORD-0022,22564,12
ORD-0022,22563,12
ORD-0022,22561,12
ORD-0022,22083,6
ORD-0022,22493,12
ORD-0022,22534,24
ORD-0022,22530,24
ORD-0022,22533,24
ORD-0022,22208,12
ORD-0022,22274,6
ORD-0022,20718,10
ORD-0022,21917,24
ORD-0022,21912,6
ORD-0022,20972,12
ORD-0022,20979,16
ORD-0022,22732,18
ORD-0022,22731,18
ORD-0022,23192,48
ORD-0022,22748,6
ORD-0022,22746,6
ORD-0022,23177,8
ORD-0022,23176,8
ORD-0022,23194,8
ORD-0022,23193,8
ORD-0022,22992,12
ORD-0022,22961,12
ORD-0022,21210,12
ORD-0022,22089,6
ORD-0022,22910,24
ORD-0022,22733,18
ORD-0022,20982,12
ORD-0022,22560,24
ORD-0022,22737,10
ORD-0022,22736,10
ORD-0022,22739,10
ORD-0022,22738,10
ORD-0022,85049A,24
ORD-0022,85049E,12
ORD-0022,22086,18
ORD-0022,22144,12
ORD-0022,22142,12
ORD-0023,23084,6
ORD-0023,84978,12
ORD-0023,23173,2
ORD-0023,22698,6
ORD-0023,22697,6
ORD-0023,23175,4
ORD-0023,22699,6
ORD-0023,23382,4
ORD-0023,23480,4
ORD-0023,22385,10
ORD-0023,22663,10
ORD-0023,23343,30
ORD-0023,23344,20
ORD-0023,22809,6
ORD-0023,22810,6
ORD-0023,22942,4
ORD-0023,22941,4
ORD-0023,85048,4
ORD-0023,84945,24
ORD-0023,71477,4
ORD-0023,23313,5
ORD-0024,21819,9
ORD-0024,22812,3
ORD-0024,22439,1
ORD-0024,23332,3
ORD-0024,84347,1
ORD-0024,23083,1
ORD-0024,23323,1
ORD-0024,84347,3
ORD-0024,21584,1
ORD-0024,22139,1
ORD-0024,22906,1
ORD-0024,22553,1
ORD-0024,22813,3
ORD-0024,22694,5
ORD-0024,23323,5
ORD-0024,21326,24
ORD-0024,84945,36
ORD-0025,21877,72
ORD-0025,21790,72
ORD-0025,22491,144
ORD-0025,21977,240
ORD-0025,22960,48
ORD-0025,85178,24
ORD-0025,84992,240
ORD-0025,84991,240
ORD-0025,84849D,72
ORD-0025,23294,128
ORD-0025,23293,128
ORD-0025,47566,96
ORD-0025,23236,48
ORD-0025,23230,200
ORD-0025,23192,48
ORD-0025,23108,48
ORD-0025,22993,72
ORD-0025,22112,72
ORD-0025,22111,96
ORD-0025,22045,200
ORD-0025,21485,72
ORD-0025,21165,96
ORD-0025,20914,48
ORD-0025,22489,288
ORD-0026,22141,6
ORD-0026,23399,12
ORD-0026,84755,16
ORD-0026,71477,4
ORD-0026,84832,12
ORD-0026,20970,4
ORD-0026,23319,12
ORD-0026,23284,4
ORD-0026,84945,12
ORD-0026,85123A,6
ORD-0026,22112,3
ORD-0026,23355,8
ORD-0026,23301,12
ORD-0026,22978,6
ORD-0026,22993,12
ORD-0026,22625,2
ORD-0026,22424,4
ORD-0027,85099C,5
ORD-0027,23202,2
ORD-0027,85099B,8
ORD-0027,22386,2
ORD-0027,21931,2
ORD-0027,23203,2
ORD-0027,23582,2
ORD-0027,23581,2
ORD-0027,22411,3
ORD-0027,21929,2
ORD-0027,21928,2
ORD-0027,20718,5
ORD-0027,20724,5
ORD-0027,22355,3
ORD-0027,21935,3
ORD-0027,85035C,3
ORD-0027,22112,1
ORD-0027,22114,1
ORD-0027,22449,2
ORD-0027,85014A,1
ORD-0027,85014B,1
ORD-0027,71053,1
ORD-0027,22784,1
ORD-0028,23581,10
ORD-0028,23582,10
ORD-0028,23583,10
ORD-0028,22130,12
ORD-0028,23247,12
ORD-0028,23344,10
ORD-0028,21533,3
ORD-0028,22380,5
ORD-0028,22150,6
ORD-0028,22378,5
ORD-0028,21498,25
ORD-0028,22720,3
ORD-0028,21212,24
ORD-0028,23293,16
ORD-0028,23681,10
ORD-0028,23295,8
ORD-0028,22556,12
ORD-0028,22555,12
ORD-0028,22961,12
ORD-0028,23499,24
ORD-0028,22144,6
ORD-0028,20718,10
ORD-0029,23356,1
ORD-0029,84879,6
ORD-0029,22454,4
ORD-0029,22452,4
ORD-0029,21616,1
ORD-0029,23103,5
ORD-0029,85114C,8
ORD-0029,23356,1
ORD-0029,21588,2
ORD-0029,23189,3
ORD-0029,22991,2
ORD-0029,22992,2
ORD-0029,23367,24
ORD-0029,23102,12
ORD-0029,23100,12
ORD-0029,23101,12
ORD-0029,23320,2
ORD-0029,23344,30
ORD-0029,22947,4
ORD-0029,23582,10
ORD-0029,23581,10
ORD-0030,22114,4
ORD-0030,22725,12
ORD-0030,22726,16
ORD-0030,22727,16
ORD-0030,84078A,2
ORD-0030,22192,2
ORD-0030,22193,2
ORD-0030,22561,12
ORD-0031,23582,2
ORD-0031,23203,2
ORD-0031,85099B,2
ORD-0031,22989,5
ORD-0031,82494L,1
ORD-0031,22633,1
ORD-0031,21622,1
ORD-0031,23203,2
ORD-0031,22386,3
ORD-0031,85099F,7
ORD-0031,21929,5
ORD-0031,21928,5
ORD-0031,23581,7
ORD-0032,22570,1
ORD-0033,23404,12
ORD-0033,23089,36
ORD-0033,21314,8
ORD-0033,21313,24
ORD-0033,47566,4
ORD-0034,23493,50
ORD-0034,21671,96
ORD-0035,23348,6
ORD-0035,22132,2
ORD-0035,22979,1
ORD-0035,20961,1
ORD-0035,23300,1
ORD-0035,22978,1
ORD-0035,21889,1
ORD-0035,22150,1
ORD-0035,23399,1
ORD-0035,22457,1
ORD-0035,20735,3
ORD-0035,22654,1
ORD-0035,85199S,3
ORD-0035,47421,2
ORD-0035,47421,4
ORD-0035,47422,6
ORD-0035,23426,2
ORD-0035,21162,1
ORD-0035,22671,1
ORD-0035,82581,2
ORD-0035,82578,1
ORD-0035,21976,1
ORD-0035,21975,2
ORD-0035,22907,1
ORD-0035,72349B,1
ORD-0035,22754,1
ORD-0035,22753,1
ORD-0035,22755,1
ORD-0035,22995,2
ORD-0035,22179,1
ORD-0035,22411,2
ORD-0035,23176,1
ORD-0035,22561,1
ORD-0035,22421,1
ORD-0035,22419,3
ORD-0035,22139,1
ORD-0035,82580,2
ORD-0035,22989,1
ORD-0035,22348,1
ORD-0035,23355,4
ORD-0035,21479,1
ORD-0035,22538,1
ORD-0035,21926,1
ORD-0035,72800E,2
ORD-0035,22179,2
ORD-0035,22087,4
ORD-0035,23089,2
ORD-0035,22155,4
ORD-0035,22339,20
ORD-0035,22338,10
ORD-0035,22578,5
ORD-0035,22579,5
ORD-0035,22577,5
ORD-0035,84375,1
ORD-0035,21927,2
ORD-0035,23330,1
ORD-0035,22941,3
ORD-0035,22757,1
ORD-0035,22728,1
ORD-0035,21155,1
ORD-0035,23266,4
ORD-0035,23265,3
ORD-0035,23275,3
ORD-0035,84378,1
ORD-0035,23371,1
ORD-0035,51014C,12
ORD-0035,21989,1
ORD-0035,20754,1
ORD-0035,23225,1
ORD-0035,23211,4
ORD-0035,23266,1
ORD-0035,23210,5
ORD-0035,23265,2
ORD-0035,20972,6
ORD-0035,23080,3
ORD-0035,23263,12
ORD-0035,23264,12
ORD-0035,22087,2
ORD-0035,21381,1
ORD-0035,22775,6
ORD-0035,23148,7
ORD-0035,79321,24
ORD-0035,48185,1
ORD-0035,22414,1
ORD-0035,23321,6
ORD-0035,22469,6
ORD-0035,84032B,3
ORD-0035,23356,3
ORD-0035,23355,3
ORD-0035,22112,1
ORD-0035,21479,3
ORD-0035,21481,3
ORD-0035,21485,2
ORD-0035,21231,7
ORD-0035,21232,8
ORD-0035,72760B,1
ORD-0035,22997,2
ORD-0035,22996,2
ORD-0035,22995,2
ORD-0035,23002,2
ORD-0035,22998,2
ORD-0035,23263,6
ORD-0035,23103,7
ORD-0035,21172,4
ORD-0035,22197,25
ORD-0035,22499,2
ORD-0035,22553,1
ORD-0035,21967,12
ORD-0035,22478,2
ORD-0035,85038,1
ORD-0035,72349B,1
ORD-0035,84836,5
ORD-0035,21733,4
ORD-0035,85123A,4
ORD-0035,35970,1
ORD-0035,82482,1
ORD-0035,20725,1
ORD-0035,47566,3
ORD-0035,23298,5
ORD-0035,23203,6
ORD-0035,21930,3
ORD-0035,85099B,6
ORD-0035,23228,3
ORD-0035,23166,10
ORD-0035,22720,3
ORD-0036,84375,2
ORD-0037,22246,12
ORD-0037,22943,3
ORD-0037,22423,3
ORD-0037,23084,12
ORD-0037,22083,18
ORD-0037,21164,6
ORD-0037,22600,12
ORD-0037,35953,48
ORD-0037,22991,12
ORD-0037,21201,12
ORD-0037,23212,12
ORD-0037,22941,4
ORD-0037,23344,20
ORD-0037,23582,10
ORD-0037,23581,10
ORD-0037,23298,3
ORD-0037,23368,16
ORD-0037,23367,16
ORD-0037,22086,12
ORD-0038,22087,80
ORD-0038,21340,16
ORD-0039,23319,24
ORD-0040,20727,10
ORD-0040,23344,10
ORD-0040,22661,10
ORD-0040,85071A,24
ORD-0041,23084,72
ORD-0041,22699,24
ORD-0041,22745,12
ORD-0041,22747,12
ORD-0041,22748,12
ORD-0041,21889,12
ORD-0041,21481,36
ORD-0041,21524,10
ORD-0041,20685,10
ORD-0041,48111,10
ORD-0041,22492,36
ORD-0041,84879,160
ORD-0041,20725,20
ORD-0041,22382,30
ORD-0041,22629,36
ORD-0041,22662,20
ORD-0041,21212,24
ORD-0041,22988,24
ORD-0041,20682,24
ORD-0041,10125,60
ORD-0042,22548,4
ORD-0043,37327,3
ORD-0044,22469,12
ORD-0044,22423,1
ORD-0044,85123A,6
ORD-0044,22487,1
ORD-0044,23500,20
ORD-0044,85034B,24
ORD-0044,23173,2
ORD-0044,23174,4
ORD-0044,23175,4
ORD-0044,20961,10
ORD-0045,22629,6
ORD-0045,22659,2
ORD-0045,21156,3
ORD-0045,22899,4
ORD-0045,22898,4
ORD-0045,22367,4
ORD-0045,22633,1
ORD-0045,22865,8
ORD-0045,22866,4
ORD-0045,22834,2
ORD-0045,22867,4
ORD-0045,22632,6
ORD-0045,22952,4
ORD-0045,23497,4
ORD-0045,23241,12
ORD-0045,23238,18
ORD-0045,22900,3
ORD-0045,23583,6
ORD-0045,23681,6
ORD-0045,22382,3
ORD-0045,23206,4
ORD-0045,21931,5
ORD-0045,85099B,2
ORD-0045,23582,7
ORD-0045,23581,6
ORD-0045,23199,5
ORD-0045,23203,5
ORD-0045,21034,2
ORD-0046,21935,2
ORD-0046,23530,1
ORD-0046,22661,2
ORD-0046,20719,2
ORD-0046,22355,1
ORD-0046,22355,1
ORD-0046,20718,2
ORD-0046,22909,2
ORD-0046,22469,1
ORD-0046,23103,1
ORD-0046,22086,1
ORD-0046,23380,1
ORD-0046,23083,1
ORD-0046,23570,1
ORD-0046,22187,6
ORD-0046,21934,2
ORD-0046,20717,2
ORD-0046,23205,4
ORD-0046,23333,3
ORD-0046,23332,4
ORD-0046,22971,6
ORD-0046,21242,6
ORD-0046,23290,2
ORD-0046,22086,2
ORD-0046,23082,1
ORD-0046,23256,2
ORD-0046,22305,2
ORD-0046,22304,2
ORD-0046,22974,2
ORD-0046,22596,2
ORD-0046,22897,3
ORD-0046,23571,12
ORD-0046,84596B,8
ORD-0046,22534,3
ORD-0046,20992,1
ORD-0046,22620,2
ORD-0046,84992,1
ORD-0046,23221,3
ORD-0046,22971,2
ORD-0046,20973,2
ORD-0046,85049A,1
ORD-0046,22208,1
ORD-0046,23263,2
ORD-0046,22602,3
ORD-0046,22600,3
ORD-0046,22578,26
ORD-0046,22579,10
ORD-0046,22577,25
ORD-0046,84596F,8
ORD-0046,20676,5
ORD-0046,82494L,2
ORD-0046,22632,1
ORD-0046,23439,1
ORD-0046,82482,2
ORD-0046,84997B,4
ORD-0046,22851,1
ORD-0046,22537,2
ORD-0046,22530,2
ORD-0046,21915,1
ORD-0046,21914,1
ORD-0046,22865,1
ORD-0046,22633,1
ORD-0046,22537,2
ORD-0046,22294,8
ORD-0046,21154,3
ORD-0046,51014A,12
ORD-0046,22271,1
ORD-0046,22274,1
ORD-0046,22273,1
ORD-0046,22086,2
ORD-0046,22960,1
ORD-0046,20914,3
ORD-0046,22610,36
ORD-0046,22609,36
ORD-0046,23356,1
ORD-0046,23126,1
ORD-0046,22112,1
ORD-0046,22749,1
ORD-0046,22271,1
ORD-0046,20969,1
ORD-0046,48194,1
ORD-0046,84012,1
ORD-0046,23229,1
ORD-0046,85227,1
ORD-0046,21238,6
ORD-0046,22689,1
ORD-0047,23356,12
ORD-0047,85123A,12
ORD-0047,22114,12
ORD-0047,23082,12
ORD-0047,21754,3
ORD-0047,21877,12
ORD-0047,23300,12
ORD-0047,23301,12
ORD-0047,22727,4
ORD-0047,22726,4
ORD-0047,84978,12
ORD-0047,22431,6
ORD-0047,22988,12
ORD-0047,22636,2
ORD-0047,22659,12
ORD-0047,21485,12
ORD-0047,20914,6
ORD-0047,23493,10
ORD-0047,23497,12
ORD-0047,23582,10
ORD-0047,23333,12
ORD-0047,21731,12
ORD-0047,23084,12
ORD-0048,22600,4
ORD-0048,84879,3
ORD-0048,22574,3
ORD-0048,22602,4
ORD-0048,23330,3
ORD-0048,23270,1
ORD-0048,22576,4
ORD-0048,21915,2
ORD-0048,22906,1
ORD-0048,85049A,4
ORD-0048,22637,1
ORD-0048,22070,1
ORD-0048,22111,1
ORD-0048,21484,1
ORD-0048,22110,1
ORD-0048,84029E,1
ORD-0048,23493,1
ORD-0048,22142,1
ORD-0048,22144,1
ORD-0048,23328,1
ORD-0048,22469,1
ORD-0048,22909,1
ORD-0048,22441,1
ORD-0048,23439,2
ORD-0048,22867,2
ORD-0048,22632,2
ORD-0048,85099B,3
ORD-0048,23582,1
ORD-0048,22411,1
ORD-0048,85099F,1
ORD-0048,23203,1
ORD-0048,20718,4
ORD-0048,20717,1
ORD-0048,21935,1
ORD-0048,23583,1
ORD-0048,23301,1
ORD-0048,22998,3
ORD-0048,22994,5
ORD-0048,22666,1
ORD-0048,22508,1
ORD-0048,21754,1
ORD-0048,21756,2
ORD-0048,21034,1
ORD-0049,85048,12
ORD-0049,22941,6
ORD-0049,22943,6
ORD-0049,23318,6
ORD-0049,22952,24
ORD-0049,22909,12
ORD-0049,22141,6
ORD-0049,23247,6
ORD-0049,23320,12
ORD-0049,22596,12
ORD-0049,22572,12
ORD-0049,23274,12
ORD-0049,22809,6
ORD-0049,79321,4
ORD-0049,84347,24
ORD-0049,23083,6
ORD-0049,84946,12
ORD-0049,22306,12
ORD-0049,23311,6
ORD-0049,23312,4
ORD-0049,23344,10
ORD-0049,21484,12
ORD-0049,21485,9
ORD-0049,22111,12
ORD-0049,23356,6
ORD-0049,23355,4
ORD-0049,84029E,8
ORD-0049,84030E,4
ORD-0049,22113,4
ORD-0049,22112,3
ORD-0049,22114,4
ORD-0049,21479,4
ORD-0049,23333,12
ORD-0049,23329,12
ORD-0049,22151,24
ORD-0049,23215,12
ORD-0049,35961,12
ORD-0049,22470,6
ORD-0049,22457,6
ORD-0049,22456,3
ORD-0049,85178,12
ORD-0049,23399,12
ORD-0049,21257,2
ORD-0049,23681,10
ORD-0049,22960,6
ORD-0049,22191,2
ORD-0049,23198,12
ORD-0049,22966,12
ORD-0049,22965,6
ORD-0049,21787,24
ORD-0049,20914,6
ORD-0049,22467,6
ORD-0049,22467,6
ORD-0049,22197,100
ORD-0049,22991,12
ORD-0049,22563,12
ORD-0049,22562,12
ORD-0049,22549,12
ORD-0049,21790,12
ORD-0049,22748,6
ORD-0049,22139,3
ORD-0049,23108,2
ORD-0049,23101,12
ORD-0049,22158,8
ORD-0049,22592,4
ORD-0049,22086,12
ORD-0049,22186,6
ORD-0049,21733,6
ORD-0049,23350,12
ORD-0049,22910,6
ORD-0049,23340,12
ORD-0049,22585,24
ORD-0049,22584,6
ORD-0049,22077,12
ORD-0049,23158,12
ORD-0049,22741,48
ORD-0049,21137,8
ORD-0049,22436,20
ORD-0050,23571,15
ORD-0050,23570,7
ORD-0050,23504,1
ORD-0050,23505,1
ORD-0050,23507,4
ORD-0050,23506,6
ORD-0050,23510,12
ORD-0050,23365,24
ORD-0050,22751,1
ORD-0050,23191,2
ORD-0050,23190,1
ORD-0050,23192,1
ORD-0050,22743,1
ORD-0050,21509,12
ORD-0050,22037,12
ORD-0050,22082,5
ORD-0050,23084,2
ORD-0050,23100,12
ORD-0050,20733,1
ORD-0050,22355,2
ORD-0050,22382,1
ORD-0050,23570,1
ORD-0050,22082,5
ORD-0050,22150,3
ORD-0050,22333,4
ORD-0050,23100,1
ORD-0050,16237,30
ORD-0050,22555,1
ORD-0050,21931,1
ORD-0050,22030,12
ORD-0050,22037,12
ORD-0050,22718,12
ORD-0050,22992,1
ORD-0050,20726,1
ORD-0050,23084,1
ORD-0050,23084,1
ORD-0051,21810,24
ORD-0051,21811,23
ORD-0051,23355,1
ORD-0051,22113,3
ORD-0051,22469,4
ORD-0051,22113,1
ORD-0051,23311,6
ORD-0051,22699,2
ORD-0051,22601,12
ORD-0051,22603,12
ORD-0051,21811,1
ORD-0051,22150,1
ORD-0051,22441,6
ORD-0051,23328,3
ORD-0051,22810,6
ORD-0051,22301,6
ORD-0051,22971,6
ORD-0051,21156,2
ORD-0051,22898,2
ORD-0051,23319,2
ORD-0051,21990,1
ORD-0051,21991,1
ORD-0051,21591,3
ORD-0051,23083,6
ORD-0051,22411,10
ORD-0051,23355,1
ORD-0051,22112,1
ORD-0051,22110,1
ORD-0051,21484,1
ORD-0051,22621,3
ORD-0051,23369,3
ORD-0051,23370,3
ORD-0051,23366,3
ORD-0051,23365,3
ORD-0051,21982,2
ORD-0051,22616,4
ORD-0051,21980,2
ORD-0051,21985,4
ORD-0051,21984,2
ORD-0051,23378,4
ORD-0051,23376,4
ORD-0051,22304,6
ORD-0051,22302,6
ORD-0051,22300,6
ORD-0051,22303,6
ORD-0051,23238,1
ORD-0051,22150,1
ORD-0051,23319,2
ORD-0051,21591,1
ORD-0051,22150,1
ORD-0052,22179,4
ORD-0052,23480,4
ORD-0052,23351,12
ORD-0052,23352,12
ORD-0052,23354,12
ORD-0052,23198,12
ORD-0052,23583,10
ORD-0052,22382,10
ORD-0052,23202,10
ORD-0052,23077,20
ORD-0052,84077,48
ORD-0052,23378,24
ORD-0053,23356,48
ORD-0054,84947,72
ORD-0054,23188,36
ORD-0054,23086,144
ORD-0054,23082,48
ORD-0055,15034,1
ORD-0055,16237,1
ORD-0055,21328,1
ORD-0055,20727,1
ORD-0055,23583,1
ORD-0055,21993,1
ORD-0055,22948,1
ORD-0055,21212,1
ORD-0055,21213,1
ORD-0055,22158,1
ORD-0055,23322,1
ORD-0055,23321,2
ORD-0055,21912,2
ORD-0055,23499,2
ORD-0055,21914,1
ORD-0055,21915,1
ORD-0055,23254,1
ORD-0055,16225,2
ORD-0055,85123A,1
ORD-0055,22560,2
ORD-0055,21724,1
ORD-0055,20982,1
ORD-0055,21098,2
ORD-0055,16237,1
ORD-0055,22712,12
ORD-0055,21504,12
ORD-0055,21591,1
ORD-0055,20983,1
ORD-0055,21481,2
ORD-0055,21905,1
ORD-0055,21908,1
ORD-0055,23084,3
ORD-0055,21169,3
ORD-0055,21327,2
ORD-0055,22493,2
ORD-0055,23581,1
ORD-0055,85048,1
ORD-0055,23355,1
ORD-0055,21707,1
ORD-0055,71477,2
ORD-0055,21584,2
ORD-0055,23312,2
ORD-0055,23499,2
ORD-0055,23535,1
ORD-0055,23197,1
ORD-0055,23280,1
ORD-0055,22633,1
ORD-0055,23439,1
ORD-0055,22210,1
ORD-0055,23581,1
ORD-0056,20969,4
ORD-0056,20972,12
ORD-0056,22271,6
ORD-0056,22587,12
ORD-0056,20970,4
ORD-0056,20971,12
ORD-0056,22274,6
ORD-0056,22566,12
ORD-0056,22139,3
ORD-0056,21108,18
ORD-0056,23434,10
ORD-0056,22562,12
ORD-0056,22564,12
ORD-0056,84946,72
ORD-0056,22299,24
ORD-0056,21833,12
ORD-0057,22078,5
ORD-0057,22710,25
ORD-0057,23169,6
ORD-0057,22644,8
ORD-0057,22405,12
ORD-0057,20802,6
ORD-0057,23245,4
ORD-0057,23200,2
ORD-0057,23203,1
ORD-0057,23202,2
ORD-0057,22111,1
ORD-0057,23356,2
ORD-0057,23309,24
ORD-0057,23080,2
ORD-0057,71459,12
ORD-0057,23080,1
ORD-0057,21621,3
ORD-0057,21034,2
ORD-0057,85071B,1
ORD-0057,85071B,1
ORD-0057,85071C,11
ORD-0057,23188,2
ORD-0057,21158,2
ORD-0057,21159,2
ORD-0057,21162,2
ORD-0057,85049A,5
ORD-0057,85049E,5
ORD-0057,22081,5
ORD-0057,23245,4
ORD-0057,84991,3
ORD-0057,22417,3
ORD-0057,21975,3
ORD-0057,23308,6
ORD-0057,21212,6
ORD-0057,22734,3
ORD-0057,23353,6
ORD-0057,35970,6
ORD-0057,23084,4
ORD-0057,21731,1
ORD-0057,23177,6
ORD-0057,23194,6
ORD-0057,20733,1
ORD-0057,22551,5
ORD-0057,22555,5
ORD-0057,20735,1
ORD-0057,21731,1
ORD-0057,20985,4
ORD-0057,23189,1
ORD-0057,21832,4
ORD-0057,23100,12
ORD-0057,20668,24
ORD-0057,23318,3
ORD-0057,22739,1
ORD-0057,22738,1
ORD-0057,22736,2
ORD-0057,22735,2
ORD-0057,22952,10
ORD-0057,23293,2
ORD-0057,20733,20
ORD-0057,22941,2
ORD-0057,22900,5
ORD-0057,23266,2
ORD-0057,22577,6
ORD-0057,22578,6
ORD-0057,22579,6
ORD-0057,22581,6
ORD-0057,22580,1
ORD-0057,23571,10
ORD-0057,23570,10
ORD-0057,84836,6
ORD-0057,84012,10
ORD-0058,48187,1
ORD-0058,22414,1
ORD-0058,23355,2
ORD-0058,21258,2
ORD-0058,82484,2
ORD-0058,22776,3
ORD-0058,22664,3
ORD-0058,84997D,1
ORD-0058,21245,1
ORD-0058,21245,1
ORD-0058,21243,2
ORD-0058,20677,2
ORD-0058,20674,1
ORD-0058,20675,1
ORD-0058,21240,1
ORD-0058,23287,1
ORD-0058,21239,2
ORD-0058,21115,1
ORD-0058,22580,2
ORD-0058,22114,1
ORD-0058,22112,1
ORD-0059,22568,4
ORD-0059,22441,8
ORD-0059,22574,12
ORD-0059,22576,12
ORD-0059,22573,12
ORD-0059,21068,12
ORD-0060,22364,12
ORD-0060,22360,12
ORD-0060,22423,6
ORD-0060,84949,144
ORD-0061,23243,2
ORD-0061,22720,5
ORD-0061,22722,3
ORD-0061,23333,12
ORD-0061,23103,24
ORD-0061,21591,24
ORD-0061,84879,16
ORD-0061,23323,8
ORD-0061,21755,18
ORD-0062,22086,40
ORD-0062,22910,40
ORD-0062,85123A,32
ORD-0062,22191,12
ORD-0062,23240,24
ORD-0062,22411,100
ORD-0062,85099C,100
ORD-0062,22150,40
ORD-0062,23084,48
ORD-0063,21936,5
ORD-0063,22382,10
ORD-0063,20727,10
ORD-0063,20982,12
ORD-0063,23206,10
ORD-0063,20726,10
ORD-0063,23583,10
ORD-0064,22470,12
ORD-0064,22694,6
ORD-0064,22910,12
ORD-0064,23322,6
ORD-0064,84945,24
ORD-0064,21498,25
ORD-0064,20750,2
ORD-0064,23503,12
ORD-0064,46000M,2
ORD-0064,84078A,1
ORD-0065,23375,10
ORD-0065,23373,10
ORD-0065,23436,12
ORD-0065,23353,12
ORD-0065,23437,12
ORD-0065,23438,12
ORD-0065,21498,25
ORD-0065,23545,25
ORD-0065,23350,12
ORD-0065,23349,12
ORD-0065,22077,12
ORD-0065,22080,10
ORD-0065,20727,10
ORD-0065,22383,10
ORD-0065,23209,10
ORD-0065,23208,10
ORD-0065,23203,10
ORD-0065,85099B,10
ORD-0065,23204,10
ORD-0065,20724,10
ORD-0065,22356,10
ORD-0065,22661,10
ORD-0065,20972,12
ORD-0065,22271,6
ORD-0065,21703,12
ORD-0065,21889,12
ORD-0065,21704,12
ORD-0065,22620,12
ORD-0065,22996,24
ORD-0065,22952,24
ORD-0065,23343,10
ORD-0065,23154,12
ORD-0065,23156,12
ORD-0065,23159,12
ORD-0065,23681,10
ORD-0065,48187,2
ORD-0065,21935,10
ORD-0065,21231,12
ORD-0065,23374,10
ORD-0065,23571,12
ORD-0065,23582,10
ORD-0065,23312,4
ORD-0065,23311,6
ORD-0065,22602,12
ORD-0065,23264,12
ORD-0065,23263,12
ORD-0065,23265,12
ORD-0065,23266,12
ORD-0065,22959,25
ORD-0065,23354,12
ORD-0066,22941,24
ORD-0066,22381,50
ORD-0066,22178,96
ORD-0067,23581,100
ORD-0067,85099C,100
ORD-0067,85099B,200
ORD-0068,23292,8
ORD-0068,20725,10
ORD-0068,23204,10
ORD-0068,22382,10
ORD-0068,21889,12
ORD-0068,23571,12
ORD-0068,21791,12
ORD-0068,21790,12
ORD-0068,22619,8
ORD-0068,22328,6
ORD-0068,22988,24
ORD-0068,22326,12
ORD-0068,23311,30
ORD-0069,22121,4
ORD-0070,23103,3
ORD-0070,23349,3
ORD-0070,23351,3
ORD-0070,22144,2
ORD-0070,22142,2
ORD-0070,22086,5
ORD-0070,85123A,5
ORD-0070,22735,3
ORD-0070,22739,3
ORD-0070,22737,3
ORD-0070,22130,12
ORD-0070,22620,2
ORD-0070,21892,2
ORD-0070,84949,6
ORD-0070,22766,2
ORD-0070,22150,2
ORD-0070,84347,4
ORD-0070,21917,2
ORD-0070,21918,2
ORD-0070,23506,2
ORD-0070,21791,2
ORD-0070,21790,2
ORD-0070,21915,5
ORD-0070,21914,5
ORD-0070,22549,2
ORD-0070,82483,2
ORD-0070,23323,4
ORD-0070,20972,2
ORD-0070,20971,2
ORD-0070,23570,4
ORD-0070,23571,4
ORD-0070,47503A,1
ORD-0070,22489,3
ORD-0070,82486,2
ORD-0070,84077,48
ORD-0071,22795,2
ORD-0071,22367,5
ORD-0071,21156,3
ORD-0071,47591D,6
ORD-0071,22898,3
ORD-0071,22197,25
ORD-0071,22966,1
ORD-0071,21558,1
ORD-0071,21145,10
ORD-0071,22964,4
ORD-0071,22989,5
ORD-0071,23334,36
ORD-0071,23331,14
ORD-0071,23215,4
ORD-0071,21213,6
ORD-0071,21212,4
ORD-0071,22417,3
ORD-0071,22603,10
ORD-0071,22602,10
ORD-0071,22601,10
ORD-0071,22600,10
ORD-0071,22571,10
ORD-0071,22572,7
ORD-0071,21584,10
ORD-0071,22367,9
ORD-0071,22417,1
ORD-0071,23571,6
ORD-0071,23570,6
ORD-0071,84380,4
ORD-0071,22402,2
ORD-0071,22398,1
ORD-0071,22400,1
ORD-0071,22555,2
ORD-0071,22417,2
ORD-0071,20992,2
ORD-0071,22988,8
ORD-0071,22975,4
ORD-0071,22791,12
ORD-0071,23109,6
ORD-0071,23296,4
ORD-0071,22897,1
ORD-0071,84836,12
ORD-0071,23295,8
ORD-0071,22910,6
ORD-0071,23109,6
ORD-0071,23296,1
ORD-0071,22667,1
ORD-0071,22977,4
ORD-0071,21949,1
ORD-0071,23510,48
ORD-0071,23005,48
ORD-0071,22997,48
ORD-0071,23168,4
ORD-0071,22993,12
ORD-0071,22208,23
ORD-0071,84946,6
ORD-0071,21993,4
ORD-0071,20992,8
ORD-0071,21327,2
ORD-0071,21329,2
ORD-0071,21328,2
ORD-0071,21918,1
ORD-0071,21916,1
ORD-0071,21914,1
ORD-0071,22138,4
ORD-0071,22759,12
ORD-0071,23197,1
ORD-0071,23196,3
ORD-0071,22667,1
ORD-0071,23198,3
ORD-0071,22978,2
ORD-0071,84997C,1
ORD-0071,23254,3
ORD-0071,22400,1
ORD-0071,22720,3
ORD-0071,22720,3
ORD-0071,23256,7
ORD-0071,21558,2
ORD-0071,21559,2
ORD-0071,22666,5
ORD-0071,22138,1
ORD-0071,85032A,1
ORD-0071,21914,4
ORD-0071,21915,5
ORD-0071,22556,4
ORD-0071,22666,1
ORD-0071,22555,2
ORD-0071,22551,2
ORD-0071,22142,2
ORD-0071,22191,2
ORD-0071,23191,3
ORD-0071,23190,6
ORD-0071,22867,3
ORD-0071,22617,1
ORD-0071,23084,12
ORD-0071,20750,1
ORD-0071,20749,1
ORD-0071,23271,16
ORD-0071,22906,6
ORD-0071,22141,2
ORD-0071,22144,2
ORD-0071,22191,1
ORD-0071,84946,6
ORD-0071,22621,8
ORD-0071,22865,4
ORD-0071,82486,2
ORD-0071,84879,8
ORD-0071,85099F,1
ORD-0071,23201,1
ORD-0071,85099B,1
ORD-0071,23126,2
ORD-0071,85066,2
ORD-0071,22622,1
ORD-0071,22623,1
ORD-0071,22617,2
ORD-0071,84879,8
ORD-0071,22693,24
ORD-0072,22366,1
ORD-0072,23284,1
ORD-0072,21703,6
ORD-0072,85123A,32
ORD-0072,21755,2
ORD-0072,21754,4
ORD-0072,22956,1
ORD-0072,22955,1
ORD-0072,22938,12
ORD-0072,22596,12
ORD-0072,23321,10
ORD-0072,23323,19
ORD-0072,23322,10
ORD-0072,22897,2
ORD-0072,22464,18
ORD-0072,22465,12
ORD-0072,22784,9
ORD-0073,84378,12
ORD-0073,22424,2
ORD-0073,22115,12
ORD-0073,22609,36
ORD-0073,22398,12
ORD-0073,37340,48
ORD-0073,90057,24
ORD-0073,23571,12
ORD-0073,22549,12
ORD-0073,84879,8
ORD-0074,23434,10
ORD-0074,23534,9
ORD-0074,22398,12
ORD-0074,22400,12
ORD-0074,84926E,24
ORD-0074,85015,24
ORD-0074,22734,12
ORD-0074,22736,10
ORD-0074,22737,10
ORD-0074,22735,10
ORD-0074,22738,10
ORD-0074,85049A,12
ORD-0074,23313,10
ORD-0074,23311,12
ORD-0074,22505,8
ORD-0074,22086,12
ORD-0074,22910,12
ORD-0075,23084,4
ORD-0075,23078,24
ORD-0075,21672,6
ORD-0075,23035,6
ORD-0075,84596B,6
ORD-0075,20676,6
ORD-0075,21470,1
ORD-0075,85039B,3
ORD-0075,22728,2
ORD-0075,85039A,4
ORD-0075,22865,4
ORD-0075,22633,4
ORD-0075,84029G,4
ORD-0075,84029E,4
ORD-0075,22728,2
ORD-0075,22725,4
ORD-0075,22727,4
ORD-0075,23501,20
ORD-0075,21175,4
ORD-0075,21159,4
ORD-0075,21158,2
ORD-0075,21162,4
ORD-0075,21158,2
ORD-0075,22466,1
ORD-0075,23504,3
ORD-0075,23503,2
ORD-0075,23504,3
ORD-0075,23503,4
ORD-0075,23308,3
ORD-0075,22466,4
ORD-0075,21731,4
ORD-0075,22466,1
ORD-0075,21213,6
ORD-0075,21731,1
ORD-0075,21731,1
ORD-0075,23308,3
ORD-0075,20829,4
ORD-0075,20828,4
ORD-0075,21987,5
ORD-0075,21988,5
ORD-0075,21015,1
ORD-0075,21116,1
ORD-0075,22645,4
ORD-0075,22644,4
ORD-0075,22649,3
ORD-0075,22302,6
ORD-0075,22303,6
ORD-0076,22668,5
ORD-0076,23344,100
ORD-0076,21703,12
ORD-0076,21704,12
ORD-0076,21892,12
ORD-0076,23570,12
ORD-0077,23480,8
ORD-0077,23581,10
ORD-0077,22947,6
ORD-0077,35953,48
ORD-0077,22580,6
ORD-0077,22075,12
ORD-0077,22739,20
ORD-0077,22734,12
ORD-0077,22737,10
ORD-0077,22735,10
ORD-0077,85049A,12
ORD-0077,22080,10
ORD-0077,22386,40
ORD-0077,22356,20
ORD-0077,20712,10
ORD-0077,20719,20
ORD-0077,22326,6
ORD-0077,21930,20
ORD-0077,20682,6
ORD-0077,21429,8
ORD-0077,23353,12
ORD-0077,23374,10
ORD-0077,22668,5
ORD-0077,22505,4
ORD-0077,20724,20
ORD-0077,21929,20
ORD-0077,22385,20
ORD-0077,23344,20
ORD-0077,23203,10
ORD-0077,85099B,20
ORD-0077,21238,16
ORD-0077,20676,16
ORD-0077,22129,12
ORD-0077,21329,12
ORD-0078,21980,24
ORD-0078,21967,24
ORD-0078,21981,24
ORD-0078,22100,36
ORD-0079,22792,144
ORD-0079,84947,144
ORD-0080,22776,5
ORD-0081,22580,3
ORD-0081,20975,72
ORD-0081,23367,48
ORD-0081,84536A,64
ORD-0081,23078,48
ORD-0081,16011,96
ORD-0081,22418,24
ORD-0081,22440,20
ORD-0081,17003,72
ORD-0082,21191,30
ORD-0082,23504,12
ORD-0082,23503,12
ORD-0082,22810,12
ORD-0082,23084,6
ORD-0082,21208,24
ORD-0082,22086,12
ORD-0082,22865,12
ORD-0082,22991,12
ORD-0082,22992,12
ORD-0082,22208,12
ORD-0082,22209,12
ORD-0082,22211,12
ORD-0082,22090,6
ORD-0083,23206,30
ORD-0083,22273,24
ORD-0083,23209,30
ORD-0083,20969,24
ORD-0083,20970,18
ORD-0083,22568,24
ORD-0084,23497,24
ORD-0084,23570,12
ORD-0085,21787,720
ORD-0086,22624,1
ORD-0086,22561,1
ORD-0086,23570,1
ORD-0086,23196,1
ORD-0086,23084,1
ORD-0086,23154,1
ORD-0086,23156,1
ORD-0086,23389,1
ORD-0086,23506,1
ORD-0086,22174,1
ORD-0086,22449,1
ORD-0086,23240,1
ORD-0086,23300,1
ORD-0086,23543,1
ORD-0087,22139,9
ORD-0087,23084,12
ORD-0087,23082,12
ORD-0088,21791,1
ORD-0088,84519A,3
ORD-0088,23581,4
ORD-0088,23203,4
ORD-0088,22411,4
ORD-0088,23551,1
ORD-0088,21731,1
ORD-0088,22274,2
ORD-0088,22138,2
ORD-0088,23240,2
ORD-0088,22080,5
ORD-0088,22619,3
ORD-0088,23329,3
ORD-0088,20975,10
ORD-0088,20973,5
ORD-0088,23366,9
ORD-0088,20973,4
ORD-0088,20975,4
ORD-0088,23366,4
ORD-0088,22549,2
ORD-0088,23493,3
ORD-0088,21034,1
ORD-0088,21731,4
ORD-0088,23551,1
ORD-0088,22549,1
ORD-0088,21791,2
ORD-0088,22666,2
ORD-0088,22273,1
ORD-0088,22271,1
ORD-0088,22469,5
ORD-0088,22795,3
ORD-0088,84879,24
ORD-0088,22727,1
ORD-0088,22726,3
ORD-0088,22271,1
ORD-0088,84879,8
ORD-0088,22273,1
ORD-0088,21537,4
ORD-0089,22630,12
ORD-0089,23497,24
ORD-0089,23526,4
ORD-0089,23084,48
ORD-0089,23318,12
ORD-0089,22738,10
ORD-0089,22959,25
ORD-0089,22952,24
ORD-0090,21108,18
ORD-0090,22098,36
ORD-0090,22269,16
ORD-0090,22266,64
ORD-0090,22286,24
ORD-0090,22287,24
ORD-0090,85015,24
ORD-0090,20992,24
ORD-0090,21891,12
ORD-0090,22624,2
ORD-0090,84832,12
ORD-0090,22112,6
ORD-0090,22111,3
ORD-0090,21818,36
ORD-0090,22577,24
ORD-0090,22578,24
ORD-0090,21810,48
ORD-0091,22197,24
ORD-0091,22909,24
ORD-0091,22086,12
ORD-0091,79321,8
ORD-0091,22139,3
ORD-0091,21914,12
ORD-0091,22551,12
ORD-0091,23234,6
ORD-0091,23241,6
ORD-0091,23247,6
ORD-0091,23295,8
ORD-0091,22279,24
ORD-0091,23354,12
ORD-0091,21155,6
ORD-0091,21588,12
ORD-0092,22086,12
ORD-0092,22192,2
ORD-0092,22248,16
ORD-0092,22726,6
ORD-0092,22728,6
ORD-0092,22798,8
ORD-0092,22983,24
ORD-0092,22952,72
ORD-0092,23275,60
ORD-0092,23263,60
ORD-0093,84991,1
ORD-0093,84992,2
ORD-0093,85032A,1
ORD-0093,85039A,3
ORD-0093,85049A,2
ORD-0093,85049E,1
ORD-0093,85049H,3
ORD-0093,85053,2
ORD-0093,85099B,4
ORD-0093,85099C,2
ORD-0093,85123A,9
ORD-0093,85131D,6
ORD-0093,85176,3
ORD-0093,85199S,14
ORD-0093,85227,2
ORD-0093,10135,1
ORD-0093,15036,1
ORD-0093,16219,1
ORD-0093,16225,2
ORD-0093,16237,3
ORD-0093,16254,1
ORD-0093,17084N,1
ORD-0093,20712,1
ORD-0093,20719,8
ORD-0093,20723,1
ORD-0093,20724,7
ORD-0093,20728,1
ORD-0093,20775,1
ORD-0093,20956,4
ORD-0093,20971,1
ORD-0093,20973,15
ORD-0093,20978,2
ORD-0093,20982,3
ORD-0093,21015,2
ORD-0093,21035,1
ORD-0093,21080,1
ORD-0093,21098,1
ORD-0093,21107,1
ORD-0093,21108,4
ORD-0093,21126,1
ORD-0093,21137,1
ORD-0093,21165,1
ORD-0093,21181,1
ORD-0093,21191,4
ORD-0093,21212,2
ORD-0093,21224,1
ORD-0093,21231,1
ORD-0093,21232,5
ORD-0093,21289,1
ORD-0093,21327,1
ORD-0093,21328,1
ORD-0093,21329,1
ORD-0093,21356,6
ORD-0093,21383,1
ORD-0093,21400,1
ORD-0093,21402,6
ORD-0093,21452,4
ORD-0093,21470,1
ORD-0093,21471,1
ORD-0093,21479,2
ORD-0093,21481,2
ORD-0093,21485,1
ORD-0093,21494,4
ORD-0093,21504,2
ORD-0093,21507,1
ORD-0093,21509,2
ORD-0093,21524,2
ORD-0093,21544,1
ORD-0093,21558,2
ORD-0093,21559,3
ORD-0093,21577,3
ORD-0093,21615,2
ORD-0093,21616,1
ORD-0093,21619,1
ORD-0093,21625,1
ORD-0093,21650,2
ORD-0093,21679,1
ORD-0093,21680,1
ORD-0093,21703,2
ORD-0093,21704,2
ORD-0093,21705,1
ORD-0093,21715,2
ORD-0093,21716,1
ORD-0093,21718,2
ORD-0093,21731,6
ORD-0093,21754,2
ORD-0093,21774,1
ORD-0093,21786,1
ORD-0093,21790,6
ORD-0093,21791,3
ORD-0093,21803,7
ORD-0093,21808,5
ORD-0093,21810,38
ORD-0093,21832,4
ORD-0093,21874,1
ORD-0093,21875,8
ORD-0093,21876,3
ORD-0093,21880,1
ORD-0093,21889,4
ORD-0093,21890,1
ORD-0093,21891,2
ORD-0093,21892,7
ORD-0093,21900,1
ORD-0093,21901,1
ORD-0093,21906,1
ORD-0093,21912,1
ORD-0093,21913,1
ORD-0093,21914,8
ORD-0093,21915,5
ORD-0093,21928,3
ORD-0093,21934,4
ORD-0093,21935,10
ORD-0093,21936,1
ORD-0093,21942,1
ORD-0093,21945,3
ORD-0093,21967,2
ORD-0093,21975,1
ORD-0093,21976,3
ORD-0093,21977,1
ORD-0093,21980,1
ORD-0093,21981,2
ORD-0093,21984,1
ORD-0093,21985,12
ORD-0093,21986,2
ORD-0093,21991,1
ORD-0093,21993,1
ORD-0093,22024,2
ORD-0093,22026,1
ORD-0093,22027,2
ORD-0093,22028,3
ORD-0093,22029,1
ORD-0093,22037,1
ORD-0093,22041,1
ORD-0093,22064,1
ORD-0093,22065,5
ORD-0093,22068,1
ORD-0093,22074,1
ORD-0093,22075,4
ORD-0093,22076,3
ORD-0093,22077,2
ORD-0093,22082,1
ORD-0093,22086,12
ORD-0093,22107,6
ORD-0093,22109,1
ORD-0093,22110,1
ORD-0093,22113,1
ORD-0093,22114,3
ORD-0093,22129,4
ORD-0093,22130,6
ORD-0093,22135,2
ORD-0093,22138,1
ORD-0093,22139,1
ORD-0093,22141,3
ORD-0093,22142,1
ORD-0093,22144,3
ORD-0093,22155,1
ORD-0093,22162,3
ORD-0093,22163,4
ORD-0093,22173,1
ORD-0093,22179,1
ORD-0093,22185,1
ORD-0093,22187,1
ORD-0093,22196,7
ORD-0093,22197,28
ORD-0093,22199,1
ORD-0093,22208,2
ORD-0093,22210,1
ORD-0093,22211,1
ORD-0093,22219,2
ORD-0093,22230,1
ORD-0093,22231,1
ORD-0093,22241,1
ORD-0093,22279,19
ORD-0093,22299,1
ORD-0093,22310,1
ORD-0093,22328,1
ORD-0093,22331,1
ORD-0093,22333,2
ORD-0093,22337,9
ORD-0093,22338,12
ORD-0093,22340,9
ORD-0093,22352,1
ORD-0093,22355,3
ORD-0093,22356,3
ORD-0093,22357,15
ORD-0093,22360,2
ORD-0093,22361,4
ORD-0093,22364,1
ORD-0093,22365,1
ORD-0093,22378,2
ORD-0093,22379,4
ORD-0093,22382,2
ORD-0093,22386,2
ORD-0093,22406,2
ORD-0093,22419,4
ORD-0093,22423,1
ORD-0093,22429,1
ORD-0093,22434,1
ORD-0093,22439,1
ORD-0093,22441,1
ORD-0093,22456,2
ORD-0093,22457,1
ORD-0093,22466,10
ORD-0093,22468,1
ORD-0093,22481,1
ORD-0093,22489,5
ORD-0093,22494,1
ORD-0093,22538,1
ORD-0093,22547,1
ORD-0093,22549,5
ORD-0093,22550,1
ORD-0093,22553,1
ORD-0093,22554,2
ORD-0093,22555,4
ORD-0093,22557,1
ORD-0093,22558,1
ORD-0093,22560,2
ORD-0093,22565,1
ORD-0093,22566,1
ORD-0093,22571,1
ORD-0093,22574,3
ORD-0093,22577,21
ORD-0093,22578,20
ORD-0093,22579,20
ORD-0093,22580,13
ORD-0093,22581,18
ORD-0093,22585,2
ORD-0093,22586,1
ORD-0093,22591,1
ORD-0093,22592,7
ORD-0093,22593,1
ORD-0093,22594,1
ORD-0093,22596,8
ORD-0093,22597,2
ORD-0093,22598,3
ORD-0093,22599,3
ORD-0093,22600,5
ORD-0093,22603,2
ORD-0093,22608,12
ORD-0093,22613,1
ORD-0093,22615,2
ORD-0093,22616,1
ORD-0093,22617,1
ORD-0093,22619,3
ORD-0093,22620,1
ORD-0093,22621,1
ORD-0093,22627,2
ORD-0093,22628,1
ORD-0093,22630,3
ORD-0093,22650,1
ORD-0093,22651,3
ORD-0093,22653,17
ORD-0093,22654,10
ORD-0093,22664,1
ORD-0093,22666,3
ORD-0093,22670,1
ORD-0093,22671,1
ORD-0093,22680,1
ORD-0093,22692,1
ORD-0093,22693,4
ORD-0093,22694,2
ORD-0093,22696,2
ORD-0093,22697,4
ORD-0093,22698,1
ORD-0093,22712,2
ORD-0093,22713,2
ORD-0093,22716,1
ORD-0093,22720,2
ORD-0093,22721,1
ORD-0093,22722,2
ORD-0093,22723,1
ORD-0093,22725,1
ORD-0093,22726,1
ORD-0093,22734,1
ORD-0093,22738,1
ORD-0093,22739,1
ORD-0093,22741,2
ORD-0093,22745,1
ORD-0093,22749,2
ORD-0093,22750,2
ORD-0093,22751,1
ORD-0093,22753,2
ORD-0093,22754,1
ORD-0093,22755,1
ORD-0093,22759,2
ORD-0093,22771,5
ORD-0093,22773,4
ORD-0093,22784,4
ORD-0093,22791,5
ORD-0093,22807,1
ORD-0093,22810,1
ORD-0093,22815,2
ORD-0093,22816,3
ORD-0093,22818,4
ORD-0093,22819,2
ORD-0093,22835,2
ORD-0093,22866,1
ORD-0093,22893,1
ORD-0093,22895,1
ORD-0093,22896,1
ORD-0093,22897,2
ORD-0093,22899,1
ORD-0093,22900,2
ORD-0093,22905,3
ORD-0093,22906,2
ORD-0093,22907,1
ORD-0093,22909,8
ORD-0093,22910,6
ORD-0093,22937,1
ORD-0093,22944,6
ORD-0093,22948,4
ORD-0093,22951,1
ORD-0093,22952,7
ORD-0093,22960,6
ORD-0093,22961,4
ORD-0093,22963,1
ORD-0093,22964,1
ORD-0093,22966,1
ORD-0093,22969,4
ORD-0093,22975,1
ORD-0093,22978,1
ORD-0093,22982,1
ORD-0093,22988,2
ORD-0093,22989,1
ORD-0093,22992,1
ORD-0093,22993,1
ORD-0093,22994,1
ORD-0093,22995,1
ORD-0093,22996,2
ORD-0093,22998,2
ORD-0093,23004,3
ORD-0093,23005,5
ORD-0093,23083,1
ORD-0093,23084,36
ORD-0093,23089,1
ORD-0093,23090,1
ORD-0093,23100,4
ORD-0093,23101,1
ORD-0093,23108,2
ORD-0093,23109,1
ORD-0093,23158,1
ORD-0093,23165,5
ORD-0093,23168,2
ORD-0093,23170,1
ORD-0093,23171,1
ORD-0093,23172,1
ORD-0093,23177,1
ORD-0093,23182,2
ORD-0093,23188,1
ORD-0093,23189,1
ORD-0093,23193,1
ORD-0093,23194,1
ORD-0093,23197,1
ORD-0093,23198,23
ORD-0093,23199,2
ORD-0093,23202,4
ORD-0093,23203,5
ORD-0093,23205,2
ORD-0093,23211,1
ORD-0093,23213,3
ORD-0093,23217,3
ORD-0093,23221,2
ORD-0093,23234,2
ORD-0093,23236,2
ORD-0093,23238,1
ORD-0093,23243,4
ORD-0093,23245,4
ORD-0093,23263,3
ORD-0093,23264,1
ORD-0093,23265,3
ORD-0093,23266,2
ORD-0093,23267,2
ORD-0093,23271,4
ORD-0093,23285,2
ORD-0093,23291,3
ORD-0093,23292,2
ORD-0093,23293,1
ORD-0093,23294,3
ORD-0093,23295,1
ORD-0093,23296,3
ORD-0093,23300,4
ORD-0093,23301,6
ORD-0093,23302,2
ORD-0093,23307,2
ORD-0093,23308,1
ORD-0093,23309,3
ORD-0093,23311,1
ORD-0093,23313,2
ORD-0093,23318,4
ORD-0093,23319,1
ORD-0093,23321,20
ORD-0093,23328,34
ORD-0093,23330,2
ORD-0093,23334,1
ORD-0093,23340,2
ORD-0093,23343,4
ORD-0093,23344,2
ORD-0093,23346,1
ORD-0093,23348,2
ORD-0093,23349,6
ORD-0093,23350,2
ORD-0093,23351,6
ORD-0093,23353,4
ORD-0093,23354,3
ORD-0093,23355,1
ORD-0093,23356,2
ORD-0093,23365,3
ORD-0093,23366,3
ORD-0093,23367,7
ORD-0093,23372,4
ORD-0093,23375,1
ORD-0093,23377,10
ORD-0093,23380,1
ORD-0093,23382,3
ORD-0093,23426,3
ORD-0093,23434,11
ORD-0093,23437,1
ORD-0093,23480,1
ORD-0093,23493,1
ORD-0093,23497,3
ORD-0093,23506,3
ORD-0093,23508,3
ORD-0093,23526,1
ORD-0093,23534,3
ORD-0093,23535,4
ORD-0093,23551,2
ORD-0093,23570,6
ORD-0093,23571,8
ORD-0093,23582,4
ORD-0093,23583,1
ORD-0093,23681,1
ORD-0093,35095A,1
ORD-0093,35471D,1
ORD-0093,35953,20
ORD-0093,35964,14
ORD-0093,35970,4
ORD-0093,47480,2
ORD-0093,47585A,1
ORD-0093,47593B,1
ORD-0093,48188,1
ORD-0093,71459,8
ORD-0093,79066K,1
ORD-0093,79321,2
ORD-0093,82001S,1
ORD-0093,82567,2
ORD-0093,82578,2
ORD-0093,82580,2
ORD-0093,84030E,1
ORD-0093,84031A,1
ORD-0093,84032A,4
ORD-0093,84032B,2
ORD-0093,84077,4
ORD-0093,84212,2
ORD-0093,84347,2
ORD-0093,84375,1
ORD-0093,84378,4
ORD-0093,84380,1
ORD-0093,84406B,1
ORD-0093,84536A,1
ORD-0093,84568,6
ORD-0093,84580,2
ORD-0093,84596F,1
ORD-0093,84755,4
ORD-0093,84832,3
ORD-0093,84912B,1
ORD-0093,84946,5
ORD-0093,84971S,1
ORD-0093,84988,1
ORD-0094,84347,12
ORD-0094,22791,12
ORD-0094,23300,12
ORD-0094,22485,2
ORD-0094,22960,6
ORD-0094,22441,8
ORD-0094,23293,8
ORD-0094,23307,24
ORD-0094,23295,8
ORD-0094,85123A,12
ORD-0094,23198,12
ORD-0094,23433,12
ORD-0094,84836,12
ORD-0094,22333,8
ORD-0095,11001,4
ORD-0095,15034,2
ORD-0095,15039,4
ORD-0095,16219,1
ORD-0095,16258A,1
ORD-0095,20665,1
ORD-0095,20677,1
ORD-0095,20682,1
ORD-0095,20711,2
ORD-0095,20719,2
ORD-0095,20723,1
ORD-0095,20726,1
ORD-0095,20733,2
ORD-0095,20963,1
ORD-0095,20971,1
ORD-0095,20973,1
ORD-0095,20978,2
ORD-0095,20992,1
ORD-0095,21014,1
ORD-0095,21015,2
ORD-0095,21080,3
ORD-0095,21086,3
ORD-0095,21094,4
ORD-0095,21122,1
ORD-0095,21123,1
ORD-0095,21125,1
ORD-0095,21159,1
ORD-0095,21162,2
ORD-0095,21165,1
ORD-0095,21175,1
ORD-0095,21181,1
ORD-0095,21200,4
ORD-0095,21210,1
ORD-0095,21212,1
ORD-0095,21219,1
ORD-0095,21232,1
ORD-0095,21249,2
ORD-0095,21314,1
ORD-0095,21358,1
ORD-0095,21380,1
ORD-0095,21381,1
ORD-0095,21400,1
ORD-0095,21401,1
ORD-0095,21429,1
ORD-0095,21471,1
ORD-0095,21494,3
ORD-0095,21509,1
ORD-0095,21519,2
ORD-0095,21523,1
ORD-0095,21544,4
ORD-0095,21561,1
ORD-0095,21648,2
ORD-0095,21650,8
ORD-0095,21704,2
ORD-0095,21705,1
ORD-0095,21716,3
ORD-0095,21718,3
ORD-0095,21731,6
ORD-0095,21773,1
ORD-0095,21786,1
ORD-0095,21790,1
ORD-0095,21791,4
ORD-0095,21803,38
ORD-0095,21810,1
ORD-0095,21833,3
ORD-0095,21844,1
ORD-0095,21846,1
ORD-0095,21877,1
ORD-0095,21880,10
ORD-0095,21889,2
ORD-0095,21891,1
ORD-0095,21892,4
ORD-0095,21894,2
ORD-0095,21914,4
ORD-0095,21915,2
ORD-0095,21929,1
ORD-0095,21930,2
ORD-0095,21933,1
ORD-0095,21934,3
ORD-0095,21935,7
ORD-0095,21967,1
ORD-0095,21972,1
ORD-0095,21975,1
ORD-0095,21976,1
ORD-0095,21980,4
ORD-0095,21981,4
ORD-0095,21982,1
ORD-0095,21986,1
ORD-0095,21990,1
ORD-0095,21993,1
ORD-0095,22059,1
ORD-0095,22065,4
ORD-0095,22074,1
ORD-0095,22075,4
ORD-0095,22076,1
ORD-0095,22083,1
ORD-0095,22086,4
ORD-0095,22089,1
ORD-0095,22094,6
ORD-0095,22097,2
ORD-0095,22098,1
ORD-0095,22107,4
ORD-0095,22114,2
ORD-0095,22132,2
ORD-0095,22135,1
ORD-0095,22138,1
ORD-0095,22141,3
ORD-0095,22144,1
ORD-0095,22154,6
ORD-0095,22155,3
ORD-0095,22158,1
ORD-0095,22162,1
ORD-0095,22174,2
ORD-0095,22187,1
ORD-0095,22197,30
ORD-0095,22207,1
ORD-0095,22208,1
ORD-0095,22209,1
ORD-0095,22250,2
ORD-0095,22260,1
ORD-0095,22261,1
ORD-0095,22271,1
ORD-0095,22279,2
ORD-0095,22299,3
ORD-0095,22300,1
ORD-0095,22310,1
ORD-0095,22315,1
ORD-0095,22326,3
ORD-0095,22327,1
ORD-0095,22334,1
ORD-0095,22335,10
ORD-0095,22337,2
ORD-0095,22338,14
ORD-0095,22340,3
ORD-0095,22342,2
ORD-0095,22355,2
ORD-0095,22357,1
ORD-0095,22358,2
ORD-0095,22367,2
ORD-0095,22371,2
ORD-0095,22378,2
ORD-0095,22380,1
ORD-0095,22383,2
ORD-0095,22385,1
ORD-0095,22411,3
ORD-0095,22417,1
ORD-0095,22419,5
ORD-0095,22420,2
ORD-0095,22421,2
ORD-0095,22422,7
ORD-0095,22423,1
ORD-0095,22445,1
ORD-0095,22469,3
ORD-0095,22498,1
ORD-0095,22508,2
ORD-0095,22544,1
ORD-0095,22547,1
ORD-0095,22549,3
ORD-0095,22551,3
ORD-0095,22553,1
ORD-0095,22555,1
ORD-0095,22557,2
ORD-0095,22558,1
ORD-0095,22565,1
ORD-0095,22568,2
ORD-0095,22571,4
ORD-0095,22572,1
ORD-0095,22573,1
ORD-0095,22574,2
ORD-0095,22576,2
ORD-0095,22577,7
ORD-0095,22578,5
ORD-0095,22580,11
ORD-0095,22581,5
ORD-0095,22585,1
ORD-0095,22586,2
ORD-0095,22592,5
ORD-0095,22593,1
ORD-0095,22594,4
ORD-0095,22595,3
ORD-0095,22597,2
ORD-0095,22598,2
ORD-0095,22599,2
ORD-0095,22600,9
ORD-0095,22602,4
ORD-0095,22603,3
ORD-0095,22605,1
ORD-0095,22607,1
ORD-0095,22617,1
ORD-0095,22619,6
ORD-0095,22620,3
ORD-0095,22621,2
ORD-0095,22625,1
ORD-0095,22630,1
ORD-0095,22645,1
ORD-0095,22650,2
ORD-0095,22653,8
ORD-0095,22654,7
ORD-0095,22659,1
ORD-0095,22663,1
ORD-0095,22664,1
ORD-0095,22666,4
ORD-0095,22672,1
ORD-0095,22677,1
ORD-0095,22680,1
ORD-0095,22686,1
ORD-0095,22689,1
ORD-0095,22693,2
ORD-0095,22694,1
ORD-0095,22696,1
ORD-0095,22697,4
ORD-0095,22698,2
ORD-0095,22699,1
ORD-0095,22712,1
ORD-0095,22716,1
ORD-0095,22720,6
ORD-0095,22722,29
ORD-0095,22722,1
ORD-0095,22726,1
ORD-0095,22734,3
ORD-0095,22736,1
ORD-0095,22737,1
ORD-0095,22738,7
ORD-0095,22741,2
ORD-0095,22745,2
ORD-0095,22751,1
ORD-0095,22754,1
ORD-0095,22759,3
ORD-0095,22774,2
ORD-0095,22775,2
ORD-0095,22784,2
ORD-0095,22791,8
ORD-0095,22809,1
ORD-0095,22810,1
ORD-0095,22812,1
ORD-0095,22813,1
ORD-0095,22815,3
ORD-0095,22818,1
ORD-0095,22834,1
ORD-0095,22835,1
ORD-0095,22865,4
ORD-0095,22866,3
ORD-0095,22896,1
ORD-0095,22897,1
ORD-0095,22898,1
ORD-0095,22900,1
ORD-0095,22907,3
ORD-0095,22908,1
ORD-0095,22909,4
ORD-0095,22910,6
ORD-0095,22916,1
ORD-0095,22917,2
ORD-0095,22918,2
ORD-0095,22919,1
ORD-0095,22920,2
ORD-0095,22921,1
ORD-0095,22941,1
ORD-0095,22948,4
ORD-0095,22952,1
ORD-0095,22960,5
ORD-0095,22961,4
ORD-0095,22962,2
ORD-0095,22963,1
ORD-0095,22969,1
ORD-0095,22975,3
ORD-0095,22976,1
ORD-0095,22977,2
ORD-0095,22980,1
ORD-0095,22989,1
ORD-0095,22992,3
ORD-0095,22993,3
ORD-0095,22994,1
ORD-0095,22995,2
ORD-0095,22996,2
ORD-0095,23000,1
ORD-0095,23005,1
ORD-0095,23077,3
ORD-0095,23083,1
ORD-0095,23084,58
ORD-0095,23089,2
ORD-0095,23090,1
ORD-0095,23096,1
ORD-0095,23103,4
ORD-0095,23109,1
ORD-0095,23121,1
ORD-0095,23156,1
ORD-0095,23161,1
ORD-0095,23168,1
ORD-0095,23171,1
ORD-0095,23172,2
ORD-0095,23177,1
ORD-0095,23182,2
ORD-0095,23193,1
ORD-0095,23194,1
ORD-0095,23196,1
ORD-0095,23198,1
ORD-0095,23199,2
ORD-0095,23200,2
ORD-0095,23203,1
ORD-0095,23205,1
ORD-0095,23207,1
ORD-0095,23209,1
ORD-0095,23210,11
ORD-0095,23211,10
ORD-0095,23212,6
ORD-0095,23213,5
ORD-0095,23217,1
ORD-0095,23221,1
ORD-0095,23228,7
ORD-0095,23234,2
ORD-0095,23236,1
ORD-0095,23241,3
ORD-0095,23243,3
ORD-0095,23245,4
ORD-0095,23256,1
ORD-0095,23263,5
ORD-0095,23264,1
ORD-0095,23265,5
ORD-0095,23266,2
ORD-0095,23267,2
ORD-0095,23271,4
ORD-0095,23274,1
ORD-0095,23275,2
ORD-0095,23280,1
ORD-0095,23281,1
ORD-0095,23285,4
ORD-0095,23286,3
ORD-0095,23287,2
ORD-0095,23288,3
ORD-0095,23289,1
ORD-0095,23290,3
ORD-0095,23291,1
ORD-0095,23292,3
ORD-0095,23293,5
ORD-0095,23294,1
ORD-0095,23295,2
ORD-0095,23296,1
ORD-0095,23300,1
ORD-0095,23301,4
ORD-0095,23306,2
ORD-0095,23307,4
ORD-0095,23308,2
ORD-0095,23309,1
ORD-0095,23311,4
ORD-0095,23318,1
ORD-0095,23319,1
ORD-0095,23320,1
ORD-0095,23322,1
ORD-0095,23326,1
ORD-0095,23328,32
ORD-0095,23340,1
ORD-0095,23343,2
ORD-0095,23344,6
ORD-0095,23345,1
ORD-0095,23346,2
ORD-0095,23349,11
ORD-0095,23351,5
ORD-0095,23353,7
ORD-0095,23354,1
ORD-0095,23355,2
ORD-0095,23366,2
ORD-0095,23368,1
ORD-0095,23371,1
ORD-0095,23372,2
ORD-0095,23376,2
ORD-0095,23378,4
ORD-0095,23382,2
ORD-0095,23399,2
ORD-0095,23426,1
ORD-0095,23434,2
ORD-0095,23445,1
ORD-0095,23480,2
ORD-0095,23493,1
ORD-0095,23526,4
ORD-0095,23530,2
ORD-0095,23534,2
ORD-0095,23535,2
ORD-0095,23551,2
ORD-0095,23570,3
ORD-0095,23571,2
ORD-0095,23581,3
ORD-0095,23583,2
ORD-0095,35095B,1
ORD-0095,35648,2
ORD-0095,35970,1
ORD-0095,37448,1
ORD-0095,47591D,1
ORD-0095,48116,1
ORD-0095,48138,1
ORD-0095,71459,4
ORD-0095,71477,1
ORD-0095,72598,4
ORD-0095,79190B,2
ORD-0095,79321,1
ORD-0095,82494L,1
ORD-0095,82567,1
ORD-0095,82578,1
ORD-0095,82580,1
ORD-0095,82581,1
ORD-0095,82582,2
ORD-0095,82583,1
ORD-0095,84032A,3
ORD-0095,84032B,1
ORD-0095,84077,1
ORD-0095,84347,1
ORD-0095,84378,2
ORD-0095,84380,3
ORD-0095,84406B,1
ORD-0095,84535B,1
ORD-0095,84559A,1
ORD-0095,84596G,1
ORD-0095,84692,3
ORD-0095,84792,1
ORD-0095,84832,3
ORD-0095,84945,6
ORD-0095,84946,5
ORD-0095,84950,6
ORD-0095,84970L,2
ORD-0095,84978,4
ORD-0095,84987,1
ORD-0095,84991,1
ORD-0095,84997A,2
ORD-0095,84997B,1
ORD-0095,84997C,2
ORD-0095,84997D,1
ORD-0095,85048,2
ORD-0095,85049A,1
ORD-0095,85049E,1
ORD-0095,85061W,2
ORD-0095,85099B,1
ORD-0095,85107,4
ORD-0095,85123A,2
ORD-0095,85131D,1
ORD-0095,85150,1
ORD-0095,85199S,21
ORD-0095,85227,2
ORD-0095,22804,16
ORD-0096,22413,1
ORD-0096,21588,1
ORD-0096,22488,1
ORD-0096,23168,1
ORD-0096,23360,1
ORD-0096,21591,3
ORD-0096,22624,1
ORD-0096,23360,1
ORD-0096,21983,2
ORD-0096,22979,1
ORD-0096,23330,1
ORD-0096,35970,1
ORD-0096,22456,1
ORD-0096,23581,1
ORD-0096,23583,1
ORD-0097,35471D,24
ORD-0097,84946,24
ORD-0097,22091,36
ORD-0097,21620,12
ORD-0097,22694,6
ORD-0097,23351,12
ORD-0097,23344,20
ORD-0097,23681,10
ORD-0097,84947,24
ORD-0097,21619,12
ORD-0097,23084,24
ORD-0098,46000M,8
ORD-0098,23188,12
ORD-0098,23535,4
ORD-0098,23526,4
ORD-0098,22087,12
ORD-0098,23327,192
ORD-0098,22429,4
ORD-0098,22424,8
ORD-0098,23250,24
ORD-0098,23251,24
ORD-0098,22625,2
ORD-0098,22624,2
ORD-0098,22192,2
ORD-0098,22191,2
ORD-0098,84946,36
ORD-0098,84832,24
ORD-0098,84836,48
ORD-0098,23221,144
ORD-0099,23534,4
ORD-0099,23535,4
ORD-0099,23526,4
ORD-0099,23382,4
ORD-0100,84077,96
ORD-0100,21914,36
ORD-0100,22197,100
ORD-0100,23084,24
ORD-0100,21731,24
ORD-0100,22418,48
ORD-0100,21137,24
ORD-0100,22041,6
ORD-0100,23497,24
ORD-0100,23188,24
ORD-0101,23497,12
ORD-0101,23534,3
ORD-0101,23535,4
ORD-0101,84879,8
ORD-0101,21754,3
ORD-0101,22835,4
ORD-0101,22114,4
ORD-0101,21485,3
ORD-0101,23439,12
ORD-0101,22632,12
ORD-0101,22537,24
ORD-0101,22530,24
ORD-0101,21704,12
ORD-0101,84077,48
ORD-0101,22693,24
ORD-0101,21136,8
ORD-0101,22358,6
ORD-0101,21329,12
ORD-0101,21328,12
ORD-0101,22560,24
ORD-0101,22653,10
ORD-0101,22654,3
ORD-0101,22423,1
ORD-0102,85071C,4
ORD-0102,85071A,4
ORD-0102,85071B,4
ORD-0102,23256,3
ORD-0102,23372,3
ORD-0102,23371,3
ORD-0102,22992,3
ORD-0102,84519A,6
ORD-0102,23084,2
ORD-0102,23255,2
ORD-0102,23506,3
ORD-0102,23508,3
ORD-0102,23292,4
ORD-0102,23291,4
ORD-0102,23101,12
ORD-0102,23254,3
ORD-0102,22636,2
ORD-0102,23290,4
ORD-0102,23289,4
ORD-0102,22562,3
ORD-0102,22563,3
ORD-0102,22564,3
ORD-0102,23503,2
ORD-0102,22632,2
ORD-0102,23355,4
ORD-0102,22113,8
ORD-0102,84032B,2
ORD-0102,84032A,2
ORD-0102,23323,6
ORD-0102,23389,1
ORD-0103,23404,2
ORD-0103,23227,3
ORD-0103,22720,2
ORD-0104,22112,1
ORD-0104,23322,1
ORD-0104,22162,2
ORD-0104,22153,2
ORD-0104,22154,3
ORD-0104,21822,2
ORD-0104,22557,3
ORD-0104,23439,3
ORD-0104,23101,1
ORD-0104,23100,1
ORD-0104,21588,1
ORD-0104,23500,3
ORD-0104,22156,1
ORD-0104,22153,3
ORD-0104,22340,2
ORD-0104,21822,1
ORD-0104,22162,1
ORD-0104,84836,4
ORD-0104,23332,15
ORD-0104,23103,10
ORD-0104,72807B,1
ORD-0104,72807C,1
ORD-0104,21588,3
ORD-0104,23322,1
ORD-0104,22139,1
ORD-0104,20982,13
ORD-0104,21902,1
ORD-0104,21899,2
ORD-0104,21901,2
ORD-0104,21900,1
ORD-0104,20983,20
ORD-0104,84950,12
ORD-0104,35970,1
ORD-0104,22557,1
ORD-0104,22633,3
ORD-0104,23439,3
ORD-0104,22138,1
ORD-0104,20749,1
ORD-0104,22091,3
ORD-0104,21484,2
ORD-0104,22110,2
ORD-0104,22553,3
ORD-0104,21034,2
ORD-0105,22663,3
ORD-0105,23581,10
ORD-0105,23200,10
ORD-0105,23582,10
ORD-0105,22384,10
ORD-0105,23203,10
ORD-0105,23199,10
ORD-0105,23206,10
ORD-0105,22662,10
ORD-0105,23209,10
ORD-0105,23681,10
ORD-0105,23583,10
ORD-0105,20725,3
ORD-0105,22411,2
ORD-0105,21928,2
ORD-0105,85099C,2
ORD-0105,22386,2
ORD-0105,22385,2
ORD-0105,20727,2
ORD-0105,22382,2
ORD-0105,23202,3
ORD-0105,17003,6
ORD-0105,22079,5
ORD-0105,21975,2
ORD-0105,22417,2
ORD-0105,84991,2
ORD-0105,23307,2
ORD-0105,21213,2
ORD-0105,22951,6
ORD-0105,84992,2
ORD-0105,21977,2
ORD-0105,23308,6
ORD-0105,23263,3
ORD-0105,22952,12
ORD-0105,23264,3
ORD-0105,23265,3
ORD-0105,23266,3
ORD-0106,22580,6
ORD-0106,22499,3
ORD-0106,15036,48
ORD-0107,22086,6
ORD-0107,22910,6
ORD-0107,22578,24
ORD-0108,21094,3
ORD-0108,22581,12
ORD-0108,21822,6
ORD-0108,22577,13
ORD-0108,22579,22
ORD-0108,22578,20
ORD-0108,21086,3
ORD-0108,21156,35
ORD-0108,21080,3
ORD-0108,22197,20
ORD-0108,22531,1
ORD-0108,21121,1
ORD-0108,23169,1
ORD-0108,21218,1
ORD-0108,22456,2
ORD-0108,22114,1
ORD-0108,47566,1
ORD-0108,84029E,2
ORD-0108,21115,1
ORD-0108,22624,1
ORD-0108,22138,1
ORD-0108,23100,12
ORD-0108,23101,12
ORD-0108,22966,12
ORD-0108,22426,2
ORD-0108,22667,1
ORD-0108,22996,10
ORD-0109,23232,25
ORD-0109,23199,1
ORD-0109,23202,1
ORD-0109,21932,1
ORD-0109,22487,1
ORD-0109,22435,1
ORD-0109,22158,1
ORD-0109,22109,1
ORD-0109,23096,1
ORD-0109,22457,2
ORD-0109,23154,1
ORD-0109,23196,2
ORD-0109,22077,1
ORD-0109,23192,1
ORD-0109,23191,1
ORD-0109,84596F,1
ORD-0109,84596G,1
ORD-0109,84596B,1
ORD-0109,23090,2
ORD-0109,20985,1
ORD-0109,22555,1
ORD-0109,22557,2
ORD-0109,23399,1
ORD-0109,23298,1
ORD-0109,22616,1
ORD-0109,22439,2
ORD-0109,22906,5
ORD-0109,84992,1
ORD-0109,21212,1
ORD-0109,21430,1
ORD-0109,22386,1
ORD-0109,23300,1
ORD-0109,22633,1
ORD-0109,23439,1
ORD-0109,22632,1
ORD-0109,22616,1
ORD-0109,22095,1
ORD-0109,21990,1
ORD-0109,22723,1
ORD-0109,20751,2
ORD-0109,23090,1
ORD-0109,21121,2
ORD-0109,22915,6
ORD-0109,21896,1
ORD-0109,23330,1
ORD-0109,23349,1
ORD-0109,23350,1
ORD-0109,23090,1
ORD-0109,85038,1
ORD-0109,21832,1
ORD-0109,20754,1
ORD-0109,22910,1
ORD-0109,23156,1
ORD-0109,23331,2
ORD-0109,23329,1
ORD-0109,23499,2
ORD-0109,23120,1
ORD-0109,23330,1
ORD-0109,23308,1
ORD-0109,21983,2
ORD-0109,21985,2
ORD-0109,22616,1
ORD-0109,22077,1
ORD-0109,23399,1
ORD-0109,23293,1
ORD-0109,23102,2
ORD-0109,23101,1
ORD-0109,20986,1
ORD-0109,23329,1
ORD-0109,22615,1
ORD-0109,23120,1
ORD-0109,23121,2
ORD-0109,21260,1
ORD-0109,22098,1
ORD-0109,22072,1
ORD-0109,21928,1
ORD-0109,23121,3
ORD-0110,20914,8
ORD-0110,85123A,12
ORD-0110,23126,12
ORD-0110,22940,12
ORD-0110,22795,6
ORD-0110,22749,12
ORD-0110,22273,12
ORD-0110,22271,12
ORD-0110,22144,6
ORD-0110,22142,12
ORD-0110,21531,6
ORD-0110,21218,6
ORD-0110,20971,12
ORD-0110,20970,12
ORD-0111,20685,1
ORD-0111,48138,1
ORD-0111,23284,1
ORD-0111,22710,25
ORD-0111,22467,2
ORD-0111,22556,4
ORD-0111,22555,4
ORD-0111,22553,8
ORD-0111,22551,4
ORD-0111,22637,1
ORD-0111,21581,5
ORD-0111,22902,7
ORD-0111,22436,10
ORD-0111,22435,4
ORD-0111,22900,10
ORD-0111,23378,9
ORD-0111,23376,9
ORD-0111,22816,12
ORD-0111,22818,12
ORD-0111,22086,5
ORD-0111,22713,24
ORD-0111,22142,1
ORD-0111,23505,11
ORD-0111,21982,12
ORD-0111,21980,12
ORD-0111,21967,12
ORD-0111,22994,22
ORD-0111,23002,24
ORD-0111,22970,6
ORD-0111,22971,6
ORD-0111,84347,24
ORD-0111,22560,6
ORD-0111,22489,7
ORD-0111,23084,6
ORD-0111,21098,10
ORD-0111,23077,20
ORD-0111,22807,2
ORD-0111,20728,2
ORD-0111,23238,6
ORD-0111,23157,12
ORD-0111,22659,6
ORD-0111,20725,2
ORD-0111,20727,2
ORD-0111,22383,2
ORD-0111,23207,2
ORD-0111,22997,24
ORD-0111,23005,48
ORD-0111,20758,3
ORD-0111,20756,3
ORD-0111,20757,3
ORD-0111,20775,3
ORD-0111,20777,2
ORD-0111,22087,2
ORD-0111,22491,6
ORD-0111,22561,6
ORD-0111,23308,5
ORD-0111,84992,3
ORD-0111,23309,6
ORD-0111,35004B,1
ORD-0111,21993,3
ORD-0111,21990,3
ORD-0111,21991,3
ORD-0111,22142,3
ORD-0111,22616,24
ORD-0111,21504,12
ORD-0111,21207,2
ORD-0111,22732,3
ORD-0111,21871,6
ORD-0111,22988,12
ORD-0111,84347,12
ORD-0111,23365,24
ORD-0111,23368,4
ORD-0111,23367,4
ORD-0111,20975,4
ORD-0111,20973,4
ORD-0111,23366,4
ORD-0112,23186,36
ORD-0112,21156,5
ORD-0112,22367,5
ORD-0112,21210,10
ORD-0112,23328,1
ORD-0112,20674,12
ORD-0112,20676,12
ORD-0112,22489,24
ORD-0112,22732,6
ORD-0112,22733,10
ORD-0112,21616,2
ORD-0112,23434,10
ORD-0112,22578,50
ORD-0112,21080,96
ORD-0113,22580,3
ORD-0113,23582,10
ORD-0113,23581,10
ORD-0113,84879,24
ORD-0113,21429,8
ORD-0113,23493,10
ORD-0113,85123A,12
ORD-0113,21733,12
ORD-0113,23203,10
ORD-0113,23200,10
ORD-0113,23199,10
ORD-0114,46000S,2
ORD-0114,23283,1
ORD-0114,16169M,25
ORD-0114,21498,25
ORD-0114,21932,1
ORD-0114,84950,12
ORD-0114,23322,2
ORD-0114,23323,4
ORD-0114,22457,1
ORD-0114,21326,12
ORD-0114,20749,1
ORD-0114,22536,1
ORD-0114,22537,1
ORD-0114,22435,1
ORD-0114,23101,2
ORD-0114,22721,1
ORD-0114,21328,1
ORD-0114,21327,1
ORD-0114,21329,1
ORD-0114,22086,3
ORD-0114,22810,1
ORD-0114,22602,1
ORD-0114,23371,1
ORD-0114,23431,6
ORD-0114,21212,1
ORD-0114,23329,4
ORD-0114,22578,10
ORD-0114,21990,2
ORD-0114,21993,1
ORD-0114,22382,1
ORD-0114,22383,1
ORD-0114,20728,1
ORD-0114,22481,4
ORD-0114,17003,9
ORD-0114,85231B,2
ORD-0114,21915,1
ORD-0114,84378,1
ORD-0114,22082,2
ORD-0114,21212,1
ORD-0114,22602,2
ORD-0114,23501,1
ORD-0114,23191,1
ORD-0114,23192,1
ORD-0114,22564,1
ORD-0114,22563,1
ORD-0114,22562,1
ORD-0114,22489,1
ORD-0114,23500,6
ORD-0114,21914,1
ORD-0114,23159,1
ORD-0114,21896,1
ORD-0114,20978,1
ORD-0114,23332,2
ORD-0114,23504,1
ORD-0114,22411,2
ORD-0115,23084,6
ORD-0115,23245,4
ORD-0115,22029,12
ORD-0115,22964,24
ORD-0115,22551,12
ORD-0115,22382,10
ORD-0115,20726,10
ORD-0115,23157,12
ORD-0115,23234,6
ORD-0115,22423,1
ORD-0115,21058,12
ORD-0115,21062,12
ORD-0116,22947,2
ORD-0116,23159,1
ORD-0116,22091,1
ORD-0116,22190,1
ORD-0116,21098,1
ORD-0116,23509,1
ORD-0116,23508,1
ORD-0116,23507,2
ORD-0116,22262,4
ORD-0116,22810,1
ORD-0116,22809,1
ORD-0116,22906,2
ORD-0116,23158,1
ORD-0116,23154,1
ORD-0116,22944,6
ORD-0116,22403,2
ORD-0116,21803,4
ORD-0116,22732,1
ORD-0116,22731,1
ORD-0116,21109,1
ORD-0116,21111,1
ORD-0116,21108,1
ORD-0117,22055,8
ORD-0117,22485,2
ORD-0117,23503,12
ORD-0117,15036,12
ORD-0117,23497,12
ORD-0117,21137,4
ORD-0117,47566,4
ORD-0117,21703,12
ORD-0117,21891,12
ORD-0117,23298,3
ORD-0117,22424,1
ORD-0117,82583,12
ORD-0117,22413,6
ORD-0117,23404,6
ORD-0117,82484,4
ORD-0117,22596,12
ORD-0118,23211,144
ORD-0118,23212,144
ORD-0118,23213,144
ORD-0118,23210,144
ORD-0119,23344,10
ORD-0119,85099B,10
ORD-0119,22386,10
ORD-0119,23202,10
ORD-0119,85099F,10
ORD-0119,23203,10
ORD-0119,85099C,10
ORD-0119,21928,10
ORD-0119,22411,10
ORD-0119,21931,10
ORD-0120,23300,1
ORD-0120,21429,2
ORD-0120,23301,2
ORD-0120,22867,1
ORD-0120,22865,2
ORD-0120,22866,2
ORD-0120,23368,2
ORD-0120,23365,2
ORD-0120,23366,7
ORD-0120,23367,4
ORD-0120,20973,4
ORD-0120,20975,5
ORD-0120,22086,1
ORD-0120,22693,24
ORD-0120,20832,24
ORD-0120,51014A,12
ORD-0121,22694,6
ORD-0121,22470,6
ORD-0121,22141,6
ORD-0121,23534,3
ORD-0121,85150,12
ORD-0121,82583,12
ORD-0121,22457,6
ORD-0121,22798,4
ORD-0121,22800,4
ORD-0121,35970,6
ORD-0122,22411,10
ORD-0122,23202,10
ORD-0122,22386,10
ORD-0122,23201,10
ORD-0122,85099F,10
ORD-0122,22411,10
ORD-0122,23582,10
ORD-0122,85099B,10
ORD-0122,22086,40
ORD-0122,22083,40
ORD-0123,21592,1
ORD-0123,84879,16
ORD-0123,85176,1
ORD-0123,23334,17
ORD-0123,35471D,6
ORD-0123,22966,1
ORD-0123,23332,6
ORD-0123,23321,2
ORD-0123,23323,2
ORD-0123,23322,2
ORD-0123,22632,4
ORD-0123,22633,4
ORD-0123,22865,4
ORD-0123,22867,4
ORD-0123,23439,4
ORD-0123,23012,1
ORD-0123,72741,9
ORD-0123,22969,12
ORD-0123,84029E,2
ORD-0123,23355,2
ORD-0123,22835,2
ORD-0123,21485,2
ORD-0123,22112,2
ORD-0123,23077,40
ORD-0123,23320,2
ORD-0123,85014B,4
ORD-0123,20679,4
ORD-0123,85014A,4
ORD-0123,21034,2
ORD-0124,21014,24
ORD-0125,22979,12
ORD-0125,21616,12
ORD-0126,22596,2
ORD-0126,21588,1
ORD-0126,22580,1
ORD-0126,22150,1
ORD-0126,23213,5
ORD-0126,84029E,3
ORD-0126,21484,3
ORD-0126,23355,6
ORD-0126,23012,4
ORD-0126,22969,48
ORD-0126,23077,80
ORD-0126,23439,12
ORD-0126,22867,12
ORD-0126,22632,12
ORD-0126,22633,8
ORD-0126,23320,2
ORD-0126,84029E,2
ORD-0126,21481,3
ORD-0126,84032A,4
ORD-0127,23084,6
ORD-0127,22138,6
ORD-0127,22617,3
ORD-0127,16169E,25
ORD-0127,22027,12
ORD-0127,21791,12
ORD-0127,22622,2
ORD-0127,23192,12
ORD-0127,22621,12
ORD-0127,22274,6
ORD-0127,22750,4
ORD-0127,23126,4
ORD-0127,22554,12
ORD-0127,22551,12
ORD-0127,22553,12
ORD-0128,23504,12
ORD-0128,84077,48
ORD-0128,21889,12
ORD-0128,22633,12
ORD-0128,22865,12
ORD-0128,23355,4
ORD-0128,22111,3
ORD-0128,22835,4
ORD-0128,84946,12
ORD-0128,22294,24
ORD-0128,84347,48
ORD-0128,35970,24
ORD-0128,22144,6
ORD-0128,22469,12
ORD-0129,22666,12
ORD-0129,22667,12
ORD-0129,22795,4
ORD-0129,21215,24
ORD-0129,23382,4
ORD-0129,84987,12
ORD-0129,84988,12
ORD-0129,21974,12
ORD-0129,21621,2
ORD-0129,47590B,3
ORD-0129,47590A,3
ORD-0130,23203,20
ORD-0130,85099B,22
ORD-0130,23221,3
ORD-0130,22340,4
ORD-0130,22594,4
ORD-0130,21666,6
ORD-0130,20652,1
ORD-0130,23263,1
ORD-0130,23266,1
ORD-0130,23265,1
ORD-0130,22339,5
ORD-0130,22338,3
ORD-0130,21588,4
ORD-0130,22895,12
ORD-0130,20956,9
ORD-0130,82582,1
ORD-0130,23197,1
ORD-0130,21467,1
ORD-0130,23493,1
ORD-0130,20652,1
ORD-0130,21866,2
ORD-0130,84946,6
ORD-0130,23439,1
ORD-0130,22633,13
ORD-0130,85199S,2
ORD-0130,22200,1
ORD-0130,22156,1
ORD-0130,23274,2
ORD-0130,84347,2
ORD-0130,23240,10
ORD-0131,22898,8
ORD-0131,20719,10
ORD-0131,20723,10
ORD-0131,21156,8
ORD-0131,23382,4
ORD-0131,23480,4
ORD-0131,23348,6
ORD-0131,22139,3
ORD-0131,20724,10
ORD-0131,22141,6
ORD-0131,22144,6
ORD-0131,20914,6
ORD-0131,21981,24
ORD-0131,22615,24
ORD-0131,23351,12
ORD-0131,22734,6
ORD-0131,22739,10
ORD-0131,23349,12
ORD-0131,23353,12
ORD-0131,22952,24
ORD-0131,22909,12
ORD-0132,22141,12
ORD-0132,22144,12
ORD-0132,22750,4
ORD-0132,22751,4
ORD-0132,22749,4
ORD-0132,22960,6
