sku,description,weekly_picks,class
84077,WORLD WAR 2 GLIDERS ASSTD DESIGNS,9.95,A
85123A,WHITE HANGING HEART T-LIGHT HOLDER,54.21,A
85099B,JUMBO BAG RED WHITE SPOTTY,39.32,A
21212,PACK OF 72 RETRO SPOT CAKE CASES,31.33,A
22197,"POPCORN HOLDER , SMALL",23.36,A
84879,ASSORTED COLOUR BIRD ORNAMENT,27.99,A
23843,"PAPER CRAFT , LITTLE BIRDIE",0.01,A
23166,MEDIUM CERAMIC TOP STORAGE JAR,2.38,A
17003,BROCADE RING PURSE,4.54,A
21977,PACK OF 60 PINK PAISLEY CAKE CASES,19.82,A
84991,60 TEATIME FAIRY CAKE CASES,21.5,A
22492,MINI PAINT SET VINTAGE,7.13,A
15036,ASSORTED COLOURS SILK FAN,9.56,A
20725,LUNCH BAG RED SPOTTY,30.28,A
84755,COLOUR GLASS T-LIGHT HOLDER HANGING,12.4,A
22178,VICTORIAN GLASS HANGING T-LIGHT,17.99,A
21213,PACK OF 72 SKULL CAKE CASES,14.74,A
22616,PACK OF 12 LONDON TISSUES,8.43,A
22386,JUMBO BAG PINK WITH WHITE SPOTS,22.11,A
21232,STRAWBERRY CERAMIC TRINKET BOX,24.35,A
84568,GIRLS ALPHABET IRON ON PATCHES,2.99,A
21915,RED  HARMONICA IN BOX,10.27,A
84946,ANTIQUE SILVER TEA GLASS ETCHED,17.69,A
85099F,JUMBO BAG STRAWBERRY,17.99,A
22086,PAPER CHAIN KIT 50'S CHRISTMAS,20.94,A
84992,72 SWEETHEART FAIRY CAKE CASES,14.9,A
22952,72 CAKE CASES VINTAGE CHRISTMAS,11.98,A
71459,HANGING JAM JAR T-LIGHT HOLDER,9.86,A
21982,PACK OF 12 SUKI TISSUES,7.3,A
22355,"CHARLOTTE BAG , SUKI DESIGN",17.14,A
84347,ROTATING SILVER ANGELS T-LIGHT HLDR,7.99,A
20724,RED SPOTTY CHARLOTTE BAG,20.02,A
21080,SET/20 RED SPOTTY PAPER NAPKINS,21.08,A
23084,RABBIT NIGHT LIGHT,9.99,A
21975,PACK OF 60 DINOSAUR CAKE CASES,13.15,A
21980,PACK OF 12 RED SPOTTY TISSUES,6.66,A
85099C,JUMBO  BAG BAROQUE BLACK WHITE,18.34,A
16014,SMALL CHINESE STYLE SCISSOR,0.92,A
21731,RED TOADSTOOL LED NIGHT LIGHT,15.28,A
21931,JUMBO STORAGE BAG SUKI,22.86,A
22469,HEART OF WICKER SMALL,21.93,A
47566,PARTY BUNTING,26.12,A
21790,VINTAGE SNAP CARDS,18.81,A
22151,PLACE SETTING WHITE HEART,7.22,A
22411,JUMBO SHOPPER VINTAGE RED PAISLEY,21.67,A
22423,REGENCY CAKESTAND 3 TIER,38.71,A
21498,RED SPOTS  WRAP,7.75,A
20727,LUNCH BAG  BLACK SKULL.,23.66,A
84970S,HANGING HEART ZINC T-LIGHT HOLDER,13.93,A
21981,PACK OF 12 WOODLAND TISSUES,5.65,A
21929,JUMBO BAG PINK VINTAGE PAISLEY,15.79,A
37410,BLACK AND WHITE PAISLEY FLOWER MUG,0.32,A
21985,PACK OF 12 HEARTS DESIGN TISSUES,9.19,A
21181,PLEASE ONE PERSON  METAL SIGN,18.1,A
21984,PACK OF 12 PINK PAISLEY TISSUES,4.42,A
22383,LUNCHBAG SUKI  DESIGN,23.89,A
20719,WOODLAND CHARLOTTE BAG,15.47,A
20728,LUNCH BAG CARS BLUE,20.39,A
84212,"ASSORTED FLOWER COLOUR ""LEIS""",2.67,A
21928,JUMBO BAG SCANDINAVIAN PAISLEY,15.12,A
20713,JUMBO BAG OWLS,13.04,A
84270,ASSTD DESIGN BUBBLE GUM RING,4.61,A
84945,MULTI COLOUR SILVER T-LIGHT HOLDER,6.59,A
20971,PINK BLUE FELT CRAFT TRINKET BOX,11.49,A
20726,LUNCH BAG WOODLAND,19.16,A
20668,DISCO BALL CHRISTMAS DECORATION,3.8,A
84978,HANGING HEART JAR T-LIGHT HOLDER,13.96,A
22417,PACK OF 60 SPACEBOY CAKE CASES,10.98,A
22629,SPACEBOY LUNCH BOX,13.67,A
22384,LUNCHBAG PINK RETROSPOT,20.9,A
21175,GIN + TONIC DIET METAL SIGN,16.34,A
84598,BOYS ALPHABET IRON ON PATCHES,2.1,A
20972,PINK CREAM FELT CRAFT TRINKET BOX,13.93,A
22910,PAPER CHAIN KIT VINTAGE CHRISTMAS,14.71,A
23203,mailout,11.9,A
21166,COOK WITH WINE METAL SIGN,14.12,A
22382,LUNCHBAG SPACEBOY DESIGN,21.25,A
84836,ZINC METAL HEART DECORATION,14.19,A
22356,"CHARLOTTE BAG , PINK/WHITE SPOTS",15.53,A
72741,GRAND CHOCOLATECANDLE,9.09,A
21094,SET/6 RED SPOTTY PAPER PLATES,9.59,A
21137,BLACK RECORD COVER FRAME,6.22,A
21231,SWEETHEART CERAMIC TRINKET BOX,14.91,A
84692,BOX OF 24 COCKTAIL PARASOLS,11.33,A
22759,SET OF 3 NOTEBOOKS IN PARCEL,8.15,A
22558,CLOTHES PEGS RETROSPOT PACK 24,11.97,A
84016,FLAG OF ST GEORGE CAR FLAG,0.65,A
20914,SET/5 RED SPOTTY LID GLASS BOWLS,20.24,A
20975,12 PENCILS SMALL TUBE RED SPOTTY,9.33,A
22909,SET OF 20 VINTAGE CHRISTMAS NAPKINS,11.33,A
21791,VINTAGE HEADS AND TAILS CARD GAME,13.19,A
22470,HEART OF WICKER LARGE,19.92,A
20723,STRAWBERRY CHARLOTTE BAG,13.52,A
22630,DOLLY GIRL LUNCH BOX,13.32,A
22189,CREAM HEART CARD HOLDER,12.72,A
21326,AGED GLASS SILVER T-LIGHT HOLDER,6.52,A
22585,PACK OF 6 BIRDY GIFT TAGS,11.46,A
22961,JAM MAKING SET PRINTED,12.27,A
22489,PACK OF 12 TRADITIONAL CRAYONS,7.72,A
21733,RED HANGING HEART T-LIGHT HOLDER,17.77,A
20712,JUMBO BAG WOODLAND ANIMALS,13.8,A
22693,GROW A FLYTRAP OR SUNFLOWER IN TIN,3.35,A
22029,SPACE BOY BIRTHDAY CARD,10.72,A
84970L,SINGLE HEART ZINC T-LIGHT HOLDER,10.62,A
21497,FANCY FONTS BIRTHDAY WRAP,4.67,A
22077,6 RIBBONS RUSTIC CHARM,17.52,A
21704,BAG 250g SWIRLY MARBLES,5.63,A
22385,JUMBO BAG SPACEBOY DESIGN,12.22,A
82482,WOODEN PICTURE FRAME WHITE FINISH,19.86,A
22294,HEART FILIGREE DOVE  SMALL,8.9,A
79321,CHILLI LIGHTS,11.42,A
21086,SET/6 RED SPOTTY PAPER CUPS,8.31,A
22659,LUNCHBOX I LOVE LONDON,11.07,A
22090,PAPER BUNTING RETRO SPOTS,16.57,A
16156S,WRAP PINK FAIRY CAKES,4.03,A
85152,HAND OVER THE CHOCOLATE   SIGN,14.41,A
21088,SET/6 FRUIT SALAD PAPER CUPS,1.3,A
84947,ANTIQUE SILVER TEA GLASS ENGRAVED,7.01,A
21500,PINK SPOTS  WRAP,4.74,A
22379,RECYCLING BAG RETROSPOT,15.44,A
85175,CACTI T-LIGHT CANDLES,4.34,A
21096,SET/6 FRUIT SALAD  PAPER PLATES,1.37,A
21967,PACK OF 12 SKULL TISSUES,4.92,A
21121,SET/10 RED SPOTTY PARTY CANDLES,8.7,A
82494L,WOODEN FRAME ANTIQUE WHITE,19.66,A
71477,COLOUR GLASS. STAR T-LIGHT HOLDER,8.25,A
22551,PLASTERS IN TIN SPACEBOY,13.15,A
22457,NATURAL SLATE HEART CHALKBOARD,20.18,A
22326,"ROUND SNACK BOXES ,SET4, WOODLAND",13.81,A
40016,CHINESE DRAGON PAPER LANTERNS,2.4,A
22865,HAND WARMER OWL DESIGN,13.05,A
21499,BLUE SPOTS  WRAP,4.46,A
21829,DINOSAUR KEYRINGS ASSORTED,4.05,A
21210,SET OF 72 RETRO SPOT PAPER  DOILIES,11.34,A
16033,MINI HIGHLIGHTER PENS,0.49,A
22560,TRADITIONAL MODELLING CLAY,7.46,A
21787,RAIN PONCHO WITH RED SPOTS,4.69,A
22969,HOMEMADE JAM SCENTED CANDLES,7.18,A
23199,JUMBO BAG APPLES,9.41,A
21976,PACK OF 60 MUSHROOM CAKE CASES,9.54,A
21703,BAG 125g SWIRLY MARBLES,5.59,A
21918,SET 12 KIDS COLOUR  CHALK STICKS,7.83,A
22045,SPACE BOY GIFT WRAP,4.55,A
22328,"ROUND SNACK BOXES ,SET 4, FRUITS",11.59,A
84826,ASSTD DESIGN 3D PAPER STICKERS,0.63,A
21877,HOME SWEET HOME MUG,7.46,A
22577,WOODEN HEART CHRISTMAS SCANDINAVIAN,8.41,A
22083,PAPER CHAIN KIT RETRO SPOT,13.83,A
75049L,LARGE CIRCULAR MIRROR MOBILE,3.41,A
22297,HEART IVORY TRELLIS SMALL,9.8,A
22554,PLASTERS IN TIN WOODLAND ANIMALS,12.91,A
22556,PLASTERS IN TIN CIRCUS PARADE,12.09,A
22866,HAND WARMER SCOTTY DOG DESIGN,11.94,A
22740,POLKA DOT PEN,3.01,A
21085,SET/6 WOODLAND PAPER CUPS,0.66,A
21091,SET/6 WOODLAND PAPER PLATES,0.46,A
37340,MULTICOLOUR SPRING FLOWER MUG,2.02,A
21930,JUMBO STORAGE BAG SKULLS,13.04,A
20974,12 PENCILS SMALL TUBE SKULL,8.49,A
21986,PACK OF 12 PINK SPOT TISSUES,4.64,A
20718,RED SPOTTY SHOPPER BAG,11.74,A
22867,HAND WARMER BIRD DESIGN,11.54,A
22578,WOODEN STAR CHRISTMAS SCANDINAVIAN,7.86,A
82580,BATHROOM METAL SIGN,13.22,A
21099,SET/6 STRAWBERRY PAPER CUPS,0.34,A
23201,JUMBO BAG ALPHABET,8.72,A
82583,HOT BATHS METAL SIGN,11.89,A
22699,ROSES REGENCY TEACUP AND SAUCER,14.18,A
21914,BLUE HARMONICA IN BOX,9.63,A
16161P,WRAP ENGLISH ROSE,4.24,A
23209,mailout,10.7,A
21889,WOODEN BOX OF DOMINOES,11.36,A
22534,MAGIC DRAWING SLATE SPACEBOY,5.95,A
22147,FELTCRAFT BUTTERFLY HEARTS,11.84,A
21108,FAIRY CAKE FLANNEL ASSORTED COLOUR,6.12,A
22030,SWALLOWS GREETING CARD,6.82,A
22595,CHRISTMAS GINGHAM HEART,7.97,A
22149,FELTCRAFT 6 FLOWER FRIENDS,14.02,A
79000,MOROCCAN TEA GLASS,4.31,A
82600,NO SINGING METAL SIGN,11.83,A
21092,SET/6 STRAWBERRY PAPER PLATES,0.27,A
20711,JUMBO BAG TOYS,10.18,A
21314,SMALL GLASS HEART TRINKET POT,10.46,A
22610,PENS ASSORTED FUNNY FACE,2.78,A
22114,HOT WATER BOTTLE TEA AND SYMPATHY,16.14,A
21122,SET/10 PINK SPOTTY PARTY CANDLES,8.09,A
22418,10 COLOUR SPACEBOY PEN,5.86,A
22993,SET OF 4 PANTRY JELLY MOULDS,10.5,A
22348,TEA BAG PLATE RED SPOTTY,9.49,A
22188,BLACK HEART CARD HOLDER,5.59,A
22467,GUMBALL COAT RACK,11.15,A
21495,SKULLS WRAP,3.6,A
22998,TRAVEL CARD WALLET KEEP CALM,5.2,A
21891,TRADITIONAL WOODEN SKIPPING ROPE,8.64,A
84949,SILVER HANGING T-LIGHT HOLDER,6.96,A
85220,SMALL FAIRY CAKE FRIDGE MAGNETS,0.05,A
23206,LUNCH BAG APPLE DESIGN,10.2,A
17084R,ASSORTED INCENSE PACK,0.65,A
23307,SET OF 60 PANTRY DESIGN CAKE CASES,6.23,A
23310,BUBBLEGUM RING ASSORTED,2.34,A
22555,PLASTERS IN TIN STRONGMAN,9.71,A
84029E,RED WOOLLY HOTTIE WHITE HEART.,12.06,A
84378,SET OF 3 HEART COOKIE CUTTERS,12.37,A
22561,WOODEN SCHOOL COLOURING SET,9.0,A
21871,SAVE THE PLANET MUG,7.86,A
35961,FOLKART ZINC HEART CHRISTMAS DEC,6.36,A
22112,CHOCOLATE HOT WATER BOTTLE,17.47,A
85110,BLACK SILVER FLOWER T-LIGHT HOLDER,0.22,A
22027,TEA PARTY BIRTHDAY CARD,8.23,A
18007,ESSENTIAL BALM 3.5g TIN IN ENVELOPE,0.75,A
84988,SET OF 72 PINK HEART PAPER DOILIES,9.92,A
15056N,EDWARDIAN PARASOL NATURAL,10.06,A
21506,"FANCY FONT BIRTHDAY CARD,",6.61,A
22951,72 CAKE CASES DOLLY GIRL DESIGN,6.43,A
21672,WHITE SPOT RED CERAMIC DRAWER KNOB,8.0,A
22632,HAND WARMER RED POLKA DOT,8.69,A
21916,SET 12 RETRO WHITE CHALK STICKS,7.12,A
23202,mailout,8.48,A
82484,WOOD BLACK BOARD ANT WHITE FINISH,11.52,A
21390,FILIGRIS HEART WITH BUTTERFLY,5.84,A
21385,IVORY HANGING DECORATION  HEART,6.94,A
22666,RECIPE BOX PANTRY YELLOW DESIGN,16.64,A
20993,JAZZ HEARTS MEMO PAD,0.3,A
22444,GROW YOUR OWN PLANT IN A CAN,4.55,A
16237,SLEEPING CAT ERASERS,5.77,A
22139,RETRO SPOT TEA SET CERAMIC 11 PC,20.39,A
21669,BLUE STRIPE CERAMIC DRAWER KNOB,8.08,A
84997D,PINK 3 PIECE MINI DOTS CUTLERY SET,10.8,A
22741,FUNKY DIVA PEN,2.85,A
20676,RED SPOTTY BOWL,9.46,A
22528,GARDENERS KNEELING PAD,5.41,A
21136,PAINTED METAL PEARS ASSORTED,7.32,A
22557,PLASTERS IN TIN VINTAGE PAISLEY,11.54,A
16047,POP ART PEN CASE & PENS,0.3,A
84050,PINK HEART SHAPE EGG FRYING PAN,7.16,A
84380,SET OF 3 BUTTERFLY COOKIE CUTTERS,10.97,A
21668,RED STRIPE CERAMIC DRAWER KNOB,8.12,A
23077,DOUGHNUT LIP GLOSS,3.29,A
23344,JUMBO BAG 50'S CHRISTMAS,6.97,A
21673,WHITE SPOT BLUE CERAMIC DRAWER KNOB,7.57,A
22530,MAGIC DRAWING SLATE DOLLY GIRL,4.71,A
15034,PAPER POCKET TRAVELING FAN,2.51,A
22734,SET OF 6 RIBBONS VINTAGE CHRISTMAS,7.63,A
22111,SCOTTIE DOG HOT WATER BOTTLE,17.44,A
22536,MAGIC DRAWING SLATE PURDEY,3.78,A
48138,DOOR MAT UNION FLAG,16.22,A
22333,RETRO SPORT PARTY BAG + STICKER SET,6.87,A
22652,TRAVEL SEWING KIT,8.43,A
20973,12 PENCIL SMALL TUBE WOODLAND,6.84,A
22697,GREEN REGENCY TEACUP AND SAUCER,13.62,A
21124,SET/10 BLUE SPOTTY PARTY CANDLES,6.26,A
16046,TEATIME PEN CASE & PENS,0.64,A
16161U,"WRAP,SUKI AND FRIENDS",3.05,A
22662,LUNCH BAG DOLLY GIRL DESIGN,9.86,A
21900,"KEY FOB , SHED",8.32,A
20685,RED SPOTTY COIR DOORMAT,16.89,A
23343,JUMBO BAG VINTAGE CHRISTMAS,4.68,A
22296,HEART IVORY TRELLIS LARGE,8.48,A
22130,PARTY CONE CHRISTMAS DECORATION,4.41,A
21174,POTTERING IN THE SHED METAL SIGN,11.25,A
22791,T-LIGHT GLASS FLUTED ANTIQUE,4.46,A
22219,LOVEBIRD HANGING DECORATION WHITE,11.42,A
21908,CHOCOLATE THIS WAY METAL SIGN,9.69,A
22959,WRAP CHRISTMAS VILLAGE,2.76,A
22752,SET 7 BABUSHKA NESTING BOXES,7.22,A
22988,SOLDIERS EGG CUP,4.71,A
22727,ALARM CLOCK BAKELIKE RED,13.84,A
21671,RED SPOT CERAMIC DRAWER KNOB,7.11,A
21238,RED SPOTTY CUP,8.89,A
62018,SOMBRERO,1.24,A
22544,MINI JIGSAW SPACEBOY,3.43,A
22633,HAND WARMER UNION JACK,9.77,A
47591D,PINK FAIRY CAKE CHILD'S APRON,11.22,A
21165,BEWARE OF THE CAT METAL SIGN,9.63,A
22158,3 HEARTS HANGING DECORATION RUSTIC,7.49,A
22381,TOY TIDY PINK RETROSPOT,10.74,A
21868,POTTING SHED TEA MUG,8.77,A
22960,mailout addition,11.66,A
22138,BAKING SET 9 PIECE RETROSPOT,18.49,A
21156,RED SPOTTY CHILDS APRON,9.21,A
84997B,RED 3 PIECE MINI DOTS CUTLERY SET,10.09,A
22950,36 DOILIES VINTAGE CHRISTMAS,3.48,A
22646,CERAMIC STRAWBERRY CAKE MONEY BANK,8.92,A
16045,POPART WOODEN PENCILS ASST,0.71,A
21098,CHRISTMAS TOILET ROLL,6.5,A
85160A,WHITE BIRD GARDEN DESIGN MUG,0.31,A
21670,BLUE SPOT CERAMIC DRAWER KNOB,7.59,A
10002,INFLATABLE POLITICAL GLOBE,3.73,A
21169,YOU'RE CONFUSING ME METAL SIGN,7.83,A
22754,SMALL RED BABUSHKA NOTEBOOK,4.97,A
22084,PAPER CHAIN KIT EMPIRE,8.06,A
22621,TRADITIONAL KNITTING NANCY,8.73,A
84997C,BLUE 3 PIECE MINI DOTS CUTLERY SET,9.36,A
22704,WRAP RED APPLES,2.88,A
22755,SMALL PURPLE BABUSHKA NOTEBOOK,5.07,A
23301,GARDENERS KNEELING PAD KEEP CALM,8.82,A
21509,COWBOYS AND INDIANS BIRTHDAY CARD,6.06,A
22065,CHRISTMAS PUDDING TRINKET POT,4.82,A
22335,HEART DECORATION PAINTED ZINC,5.16,A
22907,PACK OF 20 NAPKINS PANTRY DESIGN,8.35,A
22295,HEART FILIGREE DOVE LARGE,7.3,A
22440,BALLOON WATER BOMB PACK OF 35,3.05,A
23298,SPOTTY BUNTING,11.11,A
85150,LADIES & GENTLEMEN METAL SIGN,10.98,A
23232,WRAP VINTAGE PETALS  DESIGN,2.31,A
35970,ZINC FOLKART SLEIGH BELLS,6.92,A
21989,PACK OF 20 SKULL PAPER NAPKINS,6.42,A
21481,FAWN BLUE HOT WATER BOTTLE,10.83,A
22087,PAPER BUNTING WHITE LACE,8.53,A
21830,ASSORTED CREEPY CRAWLIES,2.67,A
82581,TOILET METAL SIGN,8.97,A
22966,GINGERBREAD MAN COOKIE CUTTER,7.49,A
23293,SET OF 12 FAIRY CAKE BAKING CASES,5.35,A
21154,RED SPOTTY OVEN GLOVE,9.1,A
22620,4 TRADITIONAL SPINNING TOPS,8.54,A
21559,STRAWBERRY LUNCHBOX WITH CUTLERY,12.24,A
23309,SET OF 60 I LOVE LONDON CAKE CASES,4.1,A
21507,"ELEPHANT, BIRTHDAY CARD,",5.62,A
22661,CHARLOTTE BAG DOLLY GIRL DESIGN,6.24,A
22531,MAGIC DRAWING SLATE CIRCUS PARADE,4.14,A
85184D,S/4 BLUE ROUND DECOUPAGE BOXES,0.65,A
22047,EMPIRE GIFT WRAP,2.5,A
16162L,THE KING GIFT BAG,0.3,A
22698,PINK REGENCY TEACUP AND SAUCER,10.16,A
20979,36 PENCILS TUBE RED SPOTTY,6.89,A
22367,CHILDS APRON SPACEBOY DESIGN,11.44,A
84670,JAPANESE CROCHETED ANIMAL,1.89,A
84987,SET OF 36 TEATIME PAPER DOILIES,7.9,A
22553,PLASTERS IN TIN SKULLS,11.3,A
23076,ICE CREAM SUNDAE LIP GLOSS,2.65,A
21917,SET 12 KIDS  WHITE CHALK STICKS,4.62,A
84950,ASSORTED COLOUR T-LIGHT HOLDER,2.75,A
22464,HANGING METAL HEART LANTERN,7.9,A
23230,WRAP ALPHABET DESIGN,2.25,A
22154,ANGEL DECORATION 3 BUTTONS,3.37,A
23204,CHARLOTTE BAG APPLES DESIGN,5.58,A
21892,TRADITIONAL WOODEN CATCH CUP GAME,8.4,A
22150,3 STRIPEY MICE FELTCRAFT,9.55,A
22726,ALARM CLOCK BAKELIKE GREEN,12.93,A
21786,RAIN HAT WITH RED SPOTS,4.7,A
21485,RED SPOT HEART HOT WATER BOTTLE,14.17,A
84375,SET OF 20 KIDS COOKIE CUTTERS,8.13,A
20677,PINK SPOTTY BOWL,7.48,A
22041,"RECORD FRAME 7"" SINGLE SIZE",5.5,A
48194,DOORMAT HEARTS,13.2,A
22945,CHRISTMAS METAL TAGS ASSORTED,3.55,A
21988,PACK OF 6 SKULL PAPER PLATES,4.08,A
23207,LUNCH BAG ALPHABET DESIGN,7.3,A
21754,HOME BUILDING BLOCK WORD,20.69,A
21936,RED/WHITE SPOT PICNIC BAG,10.2,A
22198,"POPCORN HOLDER , LARGE",6.59,A
22432,WATERING CAN PINK BUNNY,5.1,A
22771,CLEAR DRAWER KNOB ACRYLIC EDWARDIAN,5.14,A
21172,PARTY METAL SIGN,9.63,A
22243,"HOOK, 5 HANGER ,MAGIC TOADSTOOL RED",3.91,A
22757,LARGE RED BABUSHKA NOTEBOOK,3.14,A
22834,HAND WARMER BABUSHKA DESIGN,6.51,A
21240,BLUE  SPOTTY CUP,7.49,A
82582,AREA PATROLLED METAL SIGN,7.91,A
21479,WHITE SKULL HOT WATER BOTTLE,9.94,A
84029G,KNITTED UNION FLAG HOT WATER BOTTLE,10.61,A
22491,PACK OF 12 COLOURED PENCILS,3.86,A
21392,RED SPOTTY PUDDING BOWL,0.49,A
22082,RIBBON REEL STRIPES DESIGN,9.9,A
37370,RETRO COFFEE MUGS ASSORTED,5.35,A
22720,SET OF 3 CAKE TINS PANTRY DESIGN,13.34,A
21519,GIN & TONIC DIET GREETING CARD,5.36,A
22758,LARGE PURPLE BABUSHKA NOTEBOOK,3.22,A
84520B,PACK 20 ENGLISH ROSE PAPER NAPKINS,7.18,A
21239,PINK  SPOTTY CUP,7.36,A
22712,CARD DOLLY GIRL,5.02,A
48187,DOOR MAT NEW ENGLAND,12.5,A
22816,CARD MOTORBIKE SANTA,4.49,A
22273,FELTCRAFT DOLL MOLLY,8.1,A
84406B,CREAM CUPID HEARTS COAT HANGER,8.45,A
22753,SMALL YELLOW BABUSHKA NOTEBOOK,4.09,A
22579,WOODEN TREE CHRISTMAS SCANDINAVIAN,5.69,A
47566B,TEA TIME PARTY BUNTING,7.5,A
23231,WRAP DOILEY DESIGN,2.48,A
22037,ROBOT BIRTHDAY CARD,6.21,A
21078,SET/20 STRAWBERRY PAPER NAPKINS,7.3,A
21623,VINTAGE UNION JACK MEMOBOARD,5.29,A
21935,SUKI  SHOULDER BAG,9.04,A
22710,WRAP I LOVE LONDON,1.66,A
22352,LUNCHBOX WITH CUTLERY RETROSPOT,11.07,A
21082,SET/20 FRUIT SALAD PAPER NAPKINS,1.61,A
23200,mailout,5.74,A
22609,PENS ASSORTED SPACEBALL,1.97,A
21242,RED SPOTTY PLATE,6.37,A
21810,CHRISTMAS HANGING STAR WITH BELL,3.6,A
21523,FANCY FONT HOME SWEET HOME DOORMAT,11.02,A
20991,JAZZ HEARTS MAGNETIC MEMO PAD,0.3,A
22419,LIPSTICK PEN RED,5.13,A
21974,SET OF 36 PAISLEY FLOWER DOILIES,7.77,A
22413,METAL SIGN TAKE IT OR LEAVE IT,8.71,A
82552,WASHROOM METAL SIGN,7.8,A
21621,VINTAGE UNION JACK BUNTING,12.68,A
22488,NATURAL SLATE RECTANGLE CHALKBOARD,7.86,A
22983,"CARD, BILLBOARD FONT",5.44,A
84832,ZINC WILLIE WINKIE  CANDLE STICK,6.33,A
21313,GLASS HEART T-LIGHT HOLDER,4.11,A
23170,REGENCY TEA PLATE ROSES,4.25,A
48185,DOOR MAT FAIRY CAKE,9.63,A
21875,KINGS CHOICE MUG,4.11,A
22161,HEART DECORATION RUSTIC HANGING,4.99,A
47503E,ASS FLORAL PRINT SCISSORS,0.24,A
23078,ICE CREAM PEN LIP GLOSS,2.45,A
23300,GARDENERS KNEELING PAD CUP OF TEA,7.36,A
72008,FROSTED BOX 9 WHITE T-LIGHT CANDLES,2.12,A
21535,RETRO SPOT SMALL MILK JUG,11.05,A
21899,"KEY FOB , GARAGE DESIGN",6.26,A
21508,VINTAGE KID DOLLY CARD,5.23,A
51014A,"FEATHER PEN,HOT PINK",3.68,A
22196,SMALL HEART MEASURING SPOONS,10.0,A
21155,RED SPOTTY PEG BAG,9.48,A
22064,PINK DOUGHNUT TRINKET POT,6.99,A
22549,PICTURE DOMINOES,7.17,A
22818,CARD CHRISTMAS VILLAGE,4.1,A
22602,CHRISTMAS RETROSPOT HEART WOOD,5.41,A
84971S,SMALL HEART FLOWERS HOOK,4.55,A
21429,RED GINGHAM ROSE JEWELLERY BOX,10.08,A
22437,SET OF 9 BLACK SKULL BALLOONS,4.44,A
20675,BLUE SPOTTY BOWL,6.73,A
21833,CAMOUFLAGE LED TORCH,4.39,A
85049E,SCANDINAVIAN REDS RIBBONS,8.5,A
47556B,TEA TIME TEA TOWELS,4.32,A
21700,BIG DOUGHNUT FRIDGE MAGNETS,5.22,A
21874,GIN AND TONIC MUG,6.17,A
21811,CHRISTMAS HANGING HEART WITH BELL,4.1,A
22900,SET 2 TEA TOWELS I LOVE LONDON,7.7,A
85061W,WHITE JEWELLED HEART DECORATION,4.79,A
21987,PACK OF 6 SKULL PAPER CUPS,3.8,A
22596,CHRISTMAS STAR WISH LIST CHALKBOARD,4.3,A
22028,PENNY FARTHING BIRTHDAY CARD,4.91,A
72232,FENG SHUI PILLAR CANDLE,1.2,A
21870,I CAN ONLY PLEASE ONE PERSON MUG,6.37,A
22046,TEA PARTY  WRAPPING PAPER,1.98,A
22728,ALARM CLOCK BAKELIKE PINK,9.73,A
22152,PLACE SETTING WHITE STAR,2.45,A
23245,SET OF 3 REGENCY CAKE TINS,8.4,A
20996,JAZZ HEARTS ADDRESS BOOK,3.3,A
20983,12 PENCILS TALL TUBE RED SPOTTY,6.45,A
20717,STRAWBERRY SHOPPER BAG,7.44,A
23208,LUNCH BAG VINTAGE LEAF DESIGN,6.55,A
85049A,TRADITIONAL CHRISTMAS RIBBONS,6.88,A
22631,CIRCUS PARADE LUNCHBOX,6.6,A
22155,STAR DECORATION RUSTIC,3.6,A
22156,HEART DECORATION WITH PEARLS,5.9,A
85160B,BLACK BIRD GARDEN DESIGN MUG,0.36,A
21901,"KEY FOB , BACK DOOR",6.99,A
84596B,SMALL DOLLY MIX DESIGN ORANGE BOWL,7.14,A
21843,RETRO SPOT CAKE STAND,14.96,A
16044,POP-ART FLUORESCENT PENS,0.04,A
22540,MINI JIGSAW CIRCUS PARADE,1.89,A
21983,PACK OF 12 BLUE PAISLEY TISSUES,3.24,A
37413,ICON MUG REVOLUTIONARY,0.8,A
20679,EDWARDIAN PARASOL RED,7.03,A
22713,CARD I LOVE LONDON,3.68,A
23171,REGENCY TEA PLATE GREEN,3.65,A
17096,ASSORTED LAQUERED INCENSE HOLDERS,0.75,A
20992,JAZZ HEARTS PURSE NOTEBOOK,4.42,A
22756,LARGE YELLOW BABUSHKA NOTEBOOK,2.15,A
85014B,RED/WHITE DOTS RUFFLED UMBRELLA,8.77,A
37423,WHITE WITH BLACK CATS PLATE,0.67,A
85199S,SMALL HANGING IVORY/RED WOOD BIRD,4.93,A
22338,STAR DECORATION PAINTED ZINC,2.66,A
22227,"DECORATION, HANGING HEART+MIRROR",6.47,A
23308,SET OF 60 VINTAGE LEAF CAKE CASES,3.75,A
23295,SET OF 12 MINI LOAF BAKING CASES,4.33,A
21544,SKULLS  WATER TRANSFER TATTOOS,4.97,A
21035,SET/2 RED SPOTTY TEA TOWELS,9.23,A
22571,ROCKING HORSE RED CHRISTMAS,5.27,A
20984,12 PENCILS TALL TUBE POSY,2.5,A
21135,VICTORIAN  METAL POSTCARD SPRING,4.08,A
22113,GREY HEART HOT WATER BOTTLE,10.43,A
21164,HOME SWEET HOME METAL SIGN,7.07,A
47599A,PINK PARTY BAGS,3.64,A
22563,HAPPY STENCIL CRAFT,5.44,A
21592,RETRO SPOT  CIGAR BOX MATCHES,4.9,A
22722,SET OF 6 SPICE TINS PANTRY DESIGN,8.19,A
21746,SMALL RED SPOT  WINDMILL,4.76,A
22537,MAGIC DRAWING SLATE DINOSAUR,3.54,A
21749,LARGE RED SPOT WINDMILL,2.75,A
16235,RECYCLED PENCIL WITH RABBIT ERASER,3.1,A
22153,ANGEL DECORATION STARS ON DRESS,2.97,A
22645,CERAMIC HEART FAIRY CAKE MONEY BANK,7.51,A
22614,PACK OF 12 SPACEBOY TISSUES,3.7,A
22466,FAIRY TALE COTTAGE NIGHTLIGHT,3.94,A
23205,CHARLOTTE BAG VINTAGE ALPHABET,4.5,A
22570,FELTCRAFT CUSHION RABBIT,8.23,A
23167,SMALL CERAMIC TOP STORAGE JAR,2.27,A
22986,GINGHAM ROSE WRAP,1.96,A
23355,HOT WATER BOTTLE KEEP CALM,7.67,A
72351B,SET/6 PINK  BUTTERFLY T-LIGHTS,4.94,A
22593,CHRISTMAS GINGHAM STAR,4.21,A
22567,20 DOLLY PEGS RETROSPOT,5.13,A
22663,JUMBO BAG DOLLY GIRL DESIGN,6.69,A
21114,LAVENDER SCENTED FABRIC HEART,4.98,A
20759,CHRYSANTHEMUM POCKET BOOK,0.62,A
47590B,PINK HAPPY BIRTHDAY BUNTING,8.51,A
21755,LOVE BUILDING BLOCK WORD,16.98,A
22608,PENS ASSORTED FUNKY JEWELED,1.64,A
22908,PACK OF 20 NAPKINS RED APPLES,4.87,A
22539,MINI JIGSAW DOLLY GIRL,2.51,A
20756,GREEN FERN POCKET BOOK,0.62,A
22569,FELTCRAFT CUSHION BUTTERFLY,8.07,A
21876,POTTERING MUG,6.18,A
22568,FELTCRAFT CUSHION OWL,8.86,A
22507,MEMO BOARD RETROSPOT  DESIGN,8.73,A
82551,LAUNDRY 15C METAL SIGN,7.36,A
21243,PINK  SPOTTY PLATE,4.88,A
47503A,ASS FLORAL PRINT MULTI SCREWDRIVER,1.96,A
82578,KITCHEN METAL SIGN,6.95,A
85178,VICTORIAN SEWING KIT,3.19,A
21878,PACK OF 6 SANDCASTLE FLAGS ASSORTED,3.98,A
20760,GARDEN PATH POCKET BOOK,0.82,A
22835,HOT WATER BOTTLE I AM SO POORLY,10.31,A
23284,DOORMAT KEEP CALM AND COME IN,7.03,A
22024,RAINY LADIES BIRTHDAY CARD,4.28,A
16259,PIECE OF CAMO STATIONERY SET,0.52,A
22174,PHOTO CUBE,5.75,A
21902,"KEY FOB , FRONT  DOOR",4.78,A
22303,COFFEE MUG APPLES DESIGN,5.18,A
21844,RETRO SPOT MUG,4.85,A
20758,ABSTRACT CIRCLES POCKET BOOK,0.95,A
22601,CHRISTMAS RETROSPOT ANGEL WOOD,4.24,A
22144,CHRISTMAS CRAFT LITTLE FRIENDS,7.44,A
37351,ORANGE FLOWER MUG,0.1,A
22711,WRAP CIRCUS PARADE,1.73,A
22804,CANDLEHOLDER PINK HANGING HEART,6.81,A
22574,HEART WOODEN CHRISTMAS DECORATION,4.22,A
20757,RED DAISY POCKET BOOK,0.82,A
22708,WRAP DOLLY GIRL,1.53,A
21524,SPOTTY  HOME SWEET HOME DOORMAT,11.3,A
22716,CARD CIRCUS PARADE,4.38,A
22131,FOOD CONTAINER SET 3 LOVE HEART,7.0,A
22714,CARD BIRTHDAY COWBOY,3.47,A
21218,RED SPOTTY BISCUIT TIN,8.83,A
21186,WHITE DOVE HONEYCOMB PAPER GARLAND,3.65,A
22584,PACK OF 6 PANNETONE GIFT BOXES,5.85,A
22195,HEART MEASURING SPOONS LARGE,8.16,A
46000S,POLYESTER FILLER PAD 40x40cm,3.74,A
20729,RED SPOTTY CANDY BAG,1.16,A
84997A,GREEN 3 PIECE MINI DOTS CUTLERY SET,5.85,A
21907,I'M ON HOLIDAY METAL SIGN,7.61,A
21393,BLUE  SPOTTY PUDDING BOWL,0.46,A
37424,WHITE WITH BLACK CATS MUG,1.05,A
22992,REVOLVER WOODEN RULER,3.42,A
47559B,TEA TIME OVEN GLOVE,7.03,A
22851,SET 20 NAPKINS FAIRY CAKES DESIGN,5.33,A
20754,RETRO RED SPOTTY WASHING UP GLOVES,8.42,A
84536A,ENGLISH ROSE NOTEBOOK A7 SIZE,6.13,A
23233,WRAP POPPIES  DESIGN,1.51,A
22329,ROUND CONTAINER SET OF 5 RETROSPOT,5.96,A
22173,METAL 4 HOOK HANGER FRENCH CHATEAU,9.89,A
21244,BLUE  SPOTTY PLATE,4.34,A
22812,PACK 3 BOXES CHRISTMAS PANNETONE,4.92,A
21069,VINTAGE BILLBOARD TEA MUG,2.83,A
20755,BLUE PAISLEY POCKET BOOK,1.22,A
22301,COFFEE MUG CAT + BIRD DESIGN,6.47,A
21381,MINI WOODEN HAPPY BIRTHDAY GARLAND,5.31,A
47503F,ASS FLORAL PRINT TORCH,0.14,A
22694,WICKER STAR,8.87,A
22573,STAR WOODEN CHRISTMAS DECORATION,4.13,A
21872,GLAMOROUS  MUG,3.29,A
82483,WOOD 2 DRAWER CABINET WHITE FINISH,11.31,A
15039,SANDALWOOD FAN,2.98,A
22023,EMPIRE BIRTHDAY CARD,4.24,A
22644,CERAMIC CHERRY CAKE MONEY BANK,6.14,A
23144,ZINC T-LIGHT HOLDER STARS SMALL,2.62,A
22059,CERAMIC STRWBERRY DESIGN MUG,4.9,A
22079,RIBBON REEL HEARTS DESIGN,6.75,A
21380,WOODEN HAPPY BIRTHDAY GARLAND,6.39,A
23286,BLUE VINTAGE SPOT BEAKER,2.11,A
21484,CHICK GREY HOT WATER BOTTLE,8.9,A
23581,JUMBO BAG PAISLEY PARK,3.34,A
22435,SET OF 9 HEART SHAPED BALLOONS,5.45,A
21504,SKULLS GREETING CARD,3.21,A
22855,FINE WICKER HEART,4.31,A
22667,RECIPE BOX RETRO SPOT DESIGN,8.56,A
22594,CHRISTMAS GINGHAM TREE,4.1,A
48188,DOOR MAT WELCOME PUPPIES,6.76,A
22380,TOY TIDY SPACEBOY,6.81,A
71053,WHITE METAL LANTERN,7.51,A
23296,SET OF 6 TEA TIME BAKING CASES,3.65,A
22302,COFFEE MUG PEARS  DESIGN,3.86,A
15044A,PINK PAPER PARASOL,2.39,A
22271,FELTCRAFT DOLL ROSIE,7.9,A
22600,CHRISTMAS RETROSPOT STAR WOOD,4.3,A
21679,SKULLS  STICKERS,3.63,A
22055,MINI CAKE STAND  HANGING STRAWBERY,7.27,A
20982,12 PENCILS TALL TUBE SKULLS,5.79,A
22944,CHRISTMAS METAL POSTCARD WITH BELLS,1.6,A
82486,WOOD S/3 CABINET ANT WHITE FINISH,12.85,A
11001,ASSTD DESIGN RACING CAR PEN,2.52,A
21803,CHRISTMAS TREE STAR DECORATION,3.29,A
20829,GLITTER HANGING BUTTERFLY STRING,4.81,A
22242,"HOOK, 5 HANGER , MAGIC TOADSTOOL",3.7,A
22460,EMBOSSED GLASS TEALIGHT HOLDER,3.68,A
21067,VINTAGE RED TEATIME MUG,2.7,A
22244,"HOOK, 3 HANGER ,MAGIC GARDEN",4.25,A
47590A,BLUE HAPPY BIRTHDAY BUNTING,6.67,A
22493,PAINT YOUR OWN CANVAS SET,4.25,A
22421,LIPSTICK PEN FUSCHIA,4.1,A
23582,VINTAGE DOILY JUMBO BAG RED,2.53,A
22996,TRAVEL CARD WALLET VINTAGE TICKET,3.98,A
23285,PINK VINTAGE SPOT BEAKER,1.83,A
23243,SET OF TEA COFFEE SUGAR TINS PANTRY,4.51,A
48184,DOOR MAT ENGLISH ROSE,8.34,A
23005,TRAVEL CARD WALLET I LOVE LONDON,2.36,A
20981,12 PENCILS TALL TUBE WOODLAND,5.08,A
22985,"WRAP, BILLBOARD FONTS DESIGN",1.31,A
84990,60 GOLD AND SILVER FAIRY CAKE CASES,2.03,A
21430,SET/3 RED GINGHAM ROSE STORAGE BOX,8.0,A
84596F,SMALL MARSHMALLOWS PINK BOWL,5.91,A
22533,MAGIC DRAWING SLATE BAKE A CAKE,2.39,A
21802,CHRISTMAS TREE HEART DECORATION,3.3,A
22962,Mailout,3.65,A
23321,SMALL WHITE HEART OF WICKER,6.22,A
22336,DOVE DECORATION PAINTED ZINC,2.22,A
21033,JUMBO BAG CHARLIE AND LOLA TOYS,5.64,A
22245,"HOOK, 1 HANGER ,MAGIC GARDEN",4.11,A
22465,HANGING METAL STAR LANTERN,4.77,A
85014A,BLACK/BLUE DOTS RUFFLED UMBRELLA,6.74,A
22597,CHRISTMAS MUSICAL ZINC HEART,2.9,A
21934,SKULL SHOULDER BAG,7.07,A
37352,BIRD IN TREE MUG,0.09,A
37448,CERAMIC CAKE DESIGN SPOTTED MUG,5.41,A
22738,RIBBON REEL SNOWY VILLAGE,5.1,A
16218,CARTOON  PENCIL SHARPENERS,0.96,A
22564,ALPHABET STENCIL CRAFT,3.44,A
22637,PIGGY BANK RETROSPOT,6.01,A
23288,GREEN VINTAGE SPOT BEAKER,1.77,A
22456,NATURAL SLATE CHALKBOARD LARGE,8.14,A
17109B,FLOWER FAIRY INCENSE LAVENDER,0.17,A
22604,SET OF 4 NAPKIN CHARMS CUTLERY,2.53,A
85078,SCANDINAVIAN 3 HEARTS NAPKIN RING,1.59,A
22772,PINK DRAWER KNOB ACRYLIC EDWARDIAN,3.2,A
16169E,WRAP 50'S  CHRISTMAS,1.43,A
22053,EMPIRE DESIGN ROSETTE,0.85,A
22535,MAGIC DRAWING SLATE BUNNIES,2.97,A
21215,IVORY PAPER CUP CAKE CASES,2.9,A
22670,FRENCH WC SIGN BLUE METAL,4.24,A
70006,LOVE HEART POCKET WARMER,3.0,A
20828,GLITTER BUTTERFLY CLIPS,6.13,A
85172,HYACINTH BULB T-LIGHT CANDLES,1.51,A
21071,VINTAGE BILLBOARD DRINK ME MUG,4.9,A
22766,PHOTO FRAME CORNICE,6.44,A
22142,CHRISTMAS CRAFT WHITE FAIRY,5.24,A
17021,NAMASTE SWAGAT INCENSE,0.97,A
21818,GLITTER CHRISTMAS HEART,3.1,A
21642,ASSORTED TUTTI FRUTTI PEN,2.56,A
23294,SET OF 6 SNACK LOAF BAKING CASES,3.48,A
22088,PAPER BUNTING COLOURED LACE,6.05,A
51014C,"FEATHER PEN,COAL BLACK",2.63,A
21068,VINTAGE BILLBOARD LOVE/HATE MUG,3.81,A
22617,BAKING SET SPACEBOY DESIGN,9.22,A
47504E,ENGLISH ROSE SCISSORS,0.46,A
22546,MINI JIGSAW FIDO,1.78,A
22241,"GARLAND , WOODEN  "" HAPPY EASTER""",4.62,A
22970,LONDON BUS COFFEE MUG,3.1,A
22398,MAGNETS PACK OF 4 SWALLOWS,4.3,A
21714,CITRONELLA CANDLE GARDEN POT,5.1,A
21179,NO JUNK MAIL METAL SIGN,5.04,A
16053,POPART COL BALLPOINT PEN ASST,0.1,A
48111,DOOR MAT 3 SMILEY CATS,7.16,A
23297,SET 40 HEART SHAPE PETIT FOUR CASES,1.55,A
22436,12 COLOURED PARTY BALLOONS,2.9,A
10135,COLOURING PENCILS BROWN TUBE,3.23,A
22706,WRAP COWBOYS,1.21,A
22080,RIBBON REEL SPOTS DESIGN,5.22,A
21558,SKULL LUNCHBOX WITH CUTLERY,7.71,A
20731,POSY CANDY BAG,0.74,A
22748,POPPY'S PLAYHOUSE KITCHEN,7.68,A
22619,SET OF 6 SOLDIER SKITTLES,7.19,A
21034,REX CASH+CARRY JUMBO SHOPPER,20.86,A
22639,SET OF 4 NAPKIN CHARMS HEARTS,2.81,A
22300,COFFEE MUG DOG + BALL DESIGN,5.27,A
46000M,POLYESTER FILLER PAD 45x45cm,3.52,A
22603,CHRISTMAS RETROSPOT TREE WOOD,3.96,A
85109,PINK BOUDOIR T-LIGHT HOLDER,0.19,A
72756,FAIRY CAKE CANDLES,1.27,A
22739,"RIBBON REEL, XMAS SOCK/BAUBLE",6.22,A
23240,SET OF 4 KNICK KNACK TINS DOILEY,5.24,A
21937,STRAWBERRY   PICNIC BAG,6.47,A
22332,SKULLS PARTY BAG + STICKER SET,3.71,A
22035,VINTAGE CARAVAN GREETING CARD,3.51,A
20978,36 PENCILS TUBE SKULLS,5.56,A
16216,LETTER SHAPE PENCIL SHARPENER,0.85,A
21531,RETRO SPOT SUGAR JAM BOWL,7.7,A
21933,PINK VINTAGE PAISLEY PICNIC BAG,6.17,A
22502,mailout,9.28,A
21287,SCENTED VELVET LOUNGE CANDLE,0.91,A
21591,COSY HOUR CIGAR BOX MATCHES,3.9,A
48173C,DOOR MAT BLACK FLOCK,4.92,A
22212,FOUR HOOK  WHITE LOVEBIRDS,8.3,A
22745,POPPY'S PLAYHOUSE BEDROOM,7.35,A
22979,PANTRY WASHING UP BRUSH,3.71,A
22399,MAGNETS PACK OF 4 CHILDHOOD MEMORY,2.72,A
17091J,VANILLA INCENSE IN TIN,1.8,A
23103,BELL HEART DECORATION,3.65,A
22837,HOT WATER BOTTLE BABUSHKA,5.15,A
37446,MINI CAKE STAND WITH HANGING CAKES,4.18,A
22026,BANQUET BIRTHDAY  CARD,3.52,A
22963,JAM JAR WITH BLUE LID,3.35,A
85062,PEARL CRYSTAL PUMPKIN T-LIGHT HLDR,3.48,A
22078,RIBBON REEL LACE DESIGN,4.81,A
21394,RED SPOTTY BEAKER,1.45,A
21718,RED METAL BEACH SPADE,4.53,A
22813,PACK 3 BOXES BIRD PANNETONE,3.88,A
23439,HAND WARMER RED LOVE HEART,4.05,A
23353,6 GIFT TAGS VINTAGE CHRISTMAS,3.19,A
22128,PARTY CONES CANDY ASSORTED,1.92,A
22562,MONSTERS STENCIL CRAFT,3.92,A
22025,RING OF ROSES BIRTHDAY CARD,2.79,A
23378,PACK OF 12 50'S CHRISTMAS TISSUES,1.79,A
22895,SET OF 2 TEA TOWELS APPLE AND PEARS,4.18,A
22439,6 ROCKET BALLOONS,3.67,A
23493,VINTAGE DOILY TRAVEL SEWING KIT,4.1,A
22185,SLATE TILE NATURAL HANGING,4.53,A
22299,PIG KEYRING WITH LIGHT & SOUND,1.99,A
21216,"SET 3 RED SPOT TIN TEA,COFFEE,SUGAR",7.95,A
21955,UNION JACK GUNS & ROSES  DOORMAT,7.26,A
21819,GLITTER CHRISTMAS STAR,2.55,A
21494,ROTATING LEAVES T-LIGHT HOLDER,5.08,A
35953,FOLKART STAR CHRISTMAS DECORATIONS,1.63,A
47587A,PINK FAIRY CAKE COASTER,0.27,A
16011,ANIMAL STICKERS,1.1,A
22775,PURPLE DRAWERKNOB ACRYLIC EDWARDIAN,3.01,A
85049G,CHOCOLATE BOX RIBBONS,5.2,A
23263,SET OF 3 WOODEN HEART DECORATIONS,4.64,A
21932,SCANDINAVIAN PAISLEY PICNIC BAG,6.32,A
22991,GIRAFFE WOODEN RULER,2.68,A
22705,WRAP GREEN PEARS,1.5,A
10133,COLOURING PENCILS BROWN TUBE,2.85,A
22730,ALARM CLOCK BAKELIKE IVORY,7.53,A
21584,RETRO SPOT SMALL TUBE MATCHES,3.74,A
22749,FELTCRAFT PRINCESS CHARLOTTE DOLL,7.08,A
85198,ASSORTED FARMYARD ANIMALS IN BUCKET,0.51,A
23172,REGENCY TEA PLATE PINK,2.91,A
22615,PACK OF 12 CIRCUS PARADE TISSUES,1.87,A
79163,BLACK CHAMPAGNE GLASS,0.65,A
20977,36 PENCILS TUBE WOODLAND,4.79,A
22732,3D VINTAGE CHRISTMAS STICKERS,3.43,A
22274,FELTCRAFT DOLL EMILY,6.63,A
22505,MEMO BOARD COTTAGE DESIGN,7.39,A
35957,SMALLFOLKART BAUBLE CHRISTMAS DEC,1.62,A
84508A,CAMOFLAGE DESIGN TEDDY,1.06,A
23318,BOX OF 6 MINI VINTAGE CRACKERS,3.66,A
22141,CHRISTMAS CRAFT TREE TOP ANGEL,6.05,A
21912,VINTAGE SNAKES & LADDERS,8.19,A
21801,CHRISTMAS TREE DECORATION WITH BELL,2.64,A
22378,WALL TIDY RETROSPOT,5.33,A
20750,RED/WHITE DOT MINI CASES,8.96,A
23182,TOILET SIGN OCCUPIED OR VACANT,4.25,A
79164,BLACK WINE GLASS,0.94,A
72351A,SET/6 TURQUOISE BUTTERFLY T-LIGHTS,3.93,A
21716,BOYS VINTAGE TIN SEASIDE BUCKET,4.83,A
23275,SET OF 3 HANGING OWLS OLLIE BEAK,3.25,A
22938,CUPCAKE LACE PAPER SET 6,2.72,A
21622,VINTAGE UNION JACK CUSHION COVER,6.17,A
23354,6 GIFT TAGS 50'S CHRISTMAS,3.16,A
23319,BOX OF 6 MINI 50'S CRACKERS,3.99,A
22331,WOODLAND PARTY BAG + STICKER SET,4.3,A
84929,ASSTD FRUIT+FLOWERS FRIDGE MAGNETS,0.9,A
17039,INLAID WOOD INCENSE HOLDER,0.41,A
21281,VINTAGE KITCHEN PRINT SEAFOOD,0.68,A
22572,ROCKING HORSE GREEN CHRISTMAS,3.82,A
20961,STRAWBERRY BATH SPONGE,5.23,A
22940,FELTCRAFT CHRISTMAS FAIRY,6.17,A
20775,DAISY NOTEBOOK,1.13,A
20777,CHRYSANTHEMUM NOTEBOOK,1.67,A
22581,WOOD STOCKING CHRISTMAS SCANDISPOT,3.95,A
20963,APPLE BATH SPONGE,5.17,A
23503,PLAYING CARDS KEEP CALM & CARRY ON,3.29,A
22792,FLUTED ANTIQUE CANDLE HOLDER,2.67,A
22049,WRAP CHRISTMAS SCREEN PRINT,1.13,A
22377,BOTTLE BAG RETROSPOT,4.2,A
20778,GARDEN PATH NOTEBOOK,0.9,A
21207,SKULL AND CROSSBONES  GARLAND,2.73,A
21355,TOAST ITS - I LOVE YOU,3.45,A
22499,WOODEN UNION JACK BUNTING,7.5,A
22668,PINK BABY BUNTING,5.6,A
22052,VINTAGE CARAVAN GIFT WRAP,1.25,A
22094,RED POLKA DOT TISSUE BOX,3.38,A
21888,BINGO SET,8.21,A
21260,FIRST AID TIN,5.33,A
22548,HEADS AND TAILS SPORTING FUN,4.42,A
47599B,BLUE PARTY BAGS,2.81,A
23215,JINGLE BELL HEART ANTIQUE SILVER,2.06,A
21715,GIRLS VINTAGE TIN SEASIDE BUCKET,4.7,A
22892,SALT AND PEPPER SHAKERS TOADSTOOLS,2.85,A
22642,SET OF 4 NAPKIN CHARMS STARS,1.45,A
85221,ASSORTED COLOUR SILK COIN PURSE,0.46,A
85227,SET/6 3D KIT CARDS FOR KIDS,4.62,A
22339,CHRISTMAS TREE PAINTED ZINC,1.49,A
84536B,FAIRY CAKES NOTEBOOK A7 SIZE,3.96,A
21890,S/6 WOODEN SKITTLES IN COTTON BAG,5.6,A
85199L,LARGE HANGING IVORY & RED WOOD BIRD,2.68,A
21279,VINTAGE KITCHEN PRINT FRUITS,1.0,A
22089,PAPER BUNTING VINTAGE PAISLEY,5.4,A
23351,ROLL WRAP 50'S CHRISTMAS,3.44,A
23306,SET OF 36 DOILIES PANTRY DESIGN,2.68,A
20774,GREEN FERN NOTEBOOK,1.22,A
23192,BUNDLE OF 3 ALPHABET EXERCISE BOOKS,3.4,A
22815,CARD PSYCHEDELIC APPLES,3.32,A
22904,CALENDAR PAPER CUT DESIGN,4.7,A
22733,3D STICKERS TRADITIONAL CHRISTMAS,3.48,A
22920,HERB MARKER BASIL,2.61,A
17164B,ASS COL SMALL SAND GECKO P'WEIGHT,0.9,A
22127,PARTY CONES CARNIVAL ASSORTED,1.54,A
51014L,"FEATHER PEN,LIGHT PINK",2.2,A
22545,MINI JIGSAW BUNNIES,1.84,A
22341,LOVE GARLAND PAINTED ZINC,2.35,A
21903,MAN FLU METAL SIGN,4.1,A
23188,VINTAGE  2 METER FOLDING RULER,3.23,A
48116,DOOR MAT MULTICOLOUR STRIPE,4.82,A
22906,12 MESSAGE CARDS WITH ENVELOPES,4.83,A
21590,KINGS CHOICE CIGAR BOX MATCHES,2.89,A
20674,GREEN SPOTTY BOWL,4.53,A
16048,TEATIME ROUND PENCIL SHARPENER,1.02,A
22915,ASSORTED BOTTLE TOP  MAGNETS,1.96,A
22066,LOVE HEART TRINKET POT,2.77,A
21992,VINTAGE PAISLEY STATIONERY SET,6.61,A
22402,MAGNETS PACK OF 4 VINTAGE COLLAGE,2.5,A
23326,HANGING MINI COLOURED BOTTLES,0.73,A
21832,CHOCOLATE CALCULATOR,4.65,A
22109,FULL ENGLISH BREAKFAST PLATE,6.45,A
22171,3 HOOK PHOTO SHELF ANTIQUE WHITE,6.53,A
21533,RETRO SPOT LARGE MILK JUG,9.64,A
21807,WHITE CHRISTMAS STAR DECORATION,1.82,A
21527,RETRO SPOT TRADITIONAL TEAPOT,8.32,A
84032B,CHARLIE + LOLA RED HOT WATER BOTTLE,5.97,A
84032A,CHARLIE+LOLA PINK HOT WATER BOTTLE,6.64,A
22817,CARD SUKI BIRTHDAY,3.43,A
22431,WATERING CAN BLUE ELEPHANT,6.1,A
22898,CHILDRENS APRON APPLE DESIGN,4.74,A
22737,RIBBON REEL CHRISTMAS PRESENT,5.13,A
22984,"CARD, GINGHAM ROSE",2.1,A
21788,KIDS RAIN MAC BLUE,2.07,A
21588,RETRO SPOT GIANT  TUBE MATCHES,2.91,A
23583,LUNCH BAG PAISLEY PARK,3.22,A
22075,6 RIBBONS ELEGANT CHRISTMAS,3.68,A
22095,LADS ONLY TISSUE BOX,3.06,A
22819,"BIRTHDAY CARD, RETRO SPOT",3.17,A
22576,SWALLOW WOODEN CHRISTMAS DECORATION,3.48,A
22132,RED LOVE HEART SHAPE CUP,3.81,A
16219,HOUSE SHAPE PENCIL SHARPENER,1.23,A
20773,BLUE PAISLEY NOTEBOOK,1.21,A
22719,"GUMBALL COATHOOK., BLACK & WHITE",2.37,A
22050,PINK PAISLEY ROSE GIFT WRAP,1.11,A
23198,PANTRY MAGNETIC  SHOPPING LIST,4.66,A
21280,VINTAGE KITCHEN PRINT VEGETABLES,0.68,A
51008,AFGHAN SLIPPER SOCK PAIR,0.83,A
22343,PARTY PIZZA DISH RED WHITE SPOT,1.82,A
22543,MINI JIGSAW BAKE A CAKE,1.19,A
20969,RED FLORAL FELTCRAFT SHOULDER BAG,6.1,A
22624,IVORY KITCHEN SCALES,12.22,A
17033,"BROCADE PURSE,SMALL ARCH BUTTON",0.67,A
23168,CLASSIC SUGAR DISPENSER,3.27,A
23367,SET 12 COLOUR PENCILS SPACEBOY,2.75,A
35004C,SET OF 3 COLOURED  FLYING DUCKS,3.51,A
23546,WRAP PAISLEY PARK,1.15,A
20776,ABSTRACT CIRCLES NOTEBOOK,0.83,A
21650,ASSORTED TUTTI FRUTTI BRACELET,2.06,A
22129,PARTY CONES CANDY TREE DECORATION,1.69,A
22427,ENAMEL FLOWER JUG CREAM,7.92,A
22651,GENTLEMAN SHIRT REPAIR KIT,2.78,A
22148,EASTER CRAFT 4 CHICKS,2.96,A
16049,TEATIME GEL PENS ASST,0.31,A
22622,BOX OF VINTAGE ALPHABET BLOCKS,5.75,A
22750,FELTCRAFT PRINCESS LOLA DOLL,6.59,A
23349,ROLL WRAP VINTAGE CHRISTMAS,3.31,A
22051,BLUE SCANDINAVIAN PAISLEY WRAP,1.12,A
22291,"SPRING DEC , HANGING CHICK CREAM",2.63,A
21422,PORCELAIN ROSE SMALL,1.45,A
22091,EMPIRE TISSUE BOX,3.23,A
22575,METAL MERRY CHRISTMAS WREATH,3.45,A
22207,FRYING PAN UNION FLAG,4.73,A
47503K,ASSORTED FLORAL SECATEURS,0.43,A
21413,PERIWINKLE T-LIGHT HOLDER,0.57,A
23000,TRAVEL CARD WALLET TRANSPORT,2.68,A
20966,SANDWICH BATH SPONGE,4.34,A
23175,REGENCY MILK JUG PINK,3.17,A
85232B,SET/3 RUSSIAN DOLL STACKING TINS,5.32,A
20749,ASSORTED COLOUR MINI CASES,7.62,A
48129,DOOR MAT TOPIARY,5.32,A
85066,CREAM SWEETHEART MINI CHEST,9.2,A
16008,SMALL FOLDING SCISSOR(POINTED EDGE),0.82,A
20682,RED SPOTTY CHILDS UMBRELLA,5.85,A
22599,CHRISTMAS MUSICAL ZINC STAR,1.85,A
17109C,FLOWER FAIRY INCENSE ROSE,0.14,A
21809,CHRISTMAS HANGING TREE WITH BELL,2.16,A
21090,SET/6 COLLAGE PAPER PLATES,2.7,A
22327,ROUND SNACK BOXES SET OF 4 SKULLS,6.6,A
23165,LARGE CERAMIC TOP STORAGE JAR,2.72,A
22353,LUNCHBOX WITH CUTLERY FAIRY CAKES,4.83,A
22729,ALARM CLOCK BAKELIKE ORANGE,6.24,A
23322,LARGE WHITE HEART OF WICKER,5.55,A
22057,CERAMIC PLATE STRAWBERRY DESIGN,2.51,A
22653,BUTTON BOX,3.79,A
21770,OPEN CLOSED METAL SIGN,6.27,A
22613,PACK OF 20 SPACEBOY NAPKINS,2.71,A
22731,3D CHRISTMAS STAMPS STICKERS,2.75,A
23174,REGENCY SUGAR BOWL GREEN,3.1,A
23376,PACK OF 12 VINTAGE CHRISTMAS TISSUE,1.52,A
85006,SET 4 NURSERY DES ROUND BOXES,0.35,A
85049C,ROMANTIC PINKS RIBBONS,5.0,A
22319,HAIRCLIPS FORTIES FABRIC ASSORTED,1.7,A
22665,RECIPE BOX BLUE SKETCHBOOK DESIGN,7.02,A
22643,SET OF 4 NAPKIN CHARMS LEAVES,0.99,A
23157,SET OF 6 NATIVITY MAGNETS,1.65,A
79323W,WHITE CHERRY LIGHTS,3.33,A
21648,ASSORTED TUTTI FRUTTI SMALL PURSE,2.33,A
23313,VINTAGE CHRISTMAS BUNTING,3.93,A
21561,DINOSAUR LUNCHBOX WITH CUTLERY,5.1,A
22774,RED DRAWER KNOB ACRYLIC EDWARDIAN,1.88,A
21395,BLUE SPOTTY BEAKER,1.11,A
22746,POPPY'S PLAYHOUSE LIVINGROOM,5.8,A
22638,SET OF 4 NAPKIN CHARMS CROWNS,0.76,A
16012,FOOD/DRINK SPUNGE STICKERS,0.83,A
20956,PORCELAIN T-LIGHT HOLDERS ASSORTED,2.47,A
85230F,JASMINE VOTIVE CANDLE,0.6,A
21217,RED SPOTTY ROUND CAKE TINS,9.18,A
79029,GLASS HONEYPOT WASP CATCHER,3.46,A
22999,TRAVEL CARD WALLET RETRO PETALS,2.19,A
82001S,VINYL RECORD FRAME SILVER,2.26,A
22501,mailout,7.62,A
21789,KIDS RAIN MAC PINK,2.16,A
85216,ASSORTED CAKES FRIDGE MAGNETS,1.82,A
20751,FUNKY WASHING UP GLOVES ASSORTED,5.32,A
21680,WOODLAND  STICKERS,2.65,A
21428,SET3 BOOK BOX GREEN GINGHAM FLOWER,4.58,A
37447,CERAMIC CAKE DESIGN SPOTTED PLATE,3.56,A
22508,DOORSTOP RETROSPOT HEART,6.93,A
85111,SILVER GLITTER FLOWER VOTIVE HOLDER,0.77,A
21084,SET/6 COLLAGE PAPER CUPS,2.16,A
22588,CARDHOLDER GINGHAM HEART,4.87,A
22640,SET OF 4 NAPKIN CHARMS 3 KEYS,0.9,A
85015,SET OF 12  VINTAGE POSTCARD SET,2.5,A
22532,MAGIC DRAWING SLATE LEAP FROG,1.77,A
21077,SET/20 WOODLAND PAPER NAPKINS,1.9,A
22115,METAL SIGN EMPIRE TEA,4.9,A
21993,FLORAL FOLK STATIONERY SET,5.74,A
85038,6 CHOCOLATE LOVE HEART T-LIGHTS,3.93,A
23210,WHITE ROCKING HORSE HAND PAINTED,1.97,A
22098,BOUDOIR SQUARE TISSUE BOX,3.19,A
21491,SET OF THREE VINTAGE GIFT WRAPS,2.45,A
22566,"FELTCRAFT HAIRBAND S/2, PINK/PURPLE",3.02,A
85217,ASSORTED ICE CREAM FRIDGE MAGNETS,1.59,A
23507,MINI PLAYING CARDS BUFFALO BILL,1.23,A
85212,MINI PAINTED GARDEN DECORATION,1.2,A
22672,FRENCH BATHROOM SIGN BLUE METAL,3.65,A
22350,CAT BOWL,3.32,A
22641,SET OF 4 NAPKIN CHARMS INSTRUMENT,0.69,A
22494,EMERGENCY FIRST AID TIN,4.63,A
23571,TRADITIONAL NAUGHTS & CROSSES,2.55,A
22964,3 PIECE SPACEBOY COOKIE CUTTER SET,4.13,A
23328,SET 6 SCHOOL MILK BOTTLES IN CRATE,3.93,A
22899,CHILDRENS APRON DOLLY GIRL,4.23,A
22048,BIRTHDAY BANQUET GIFT WRAP,0.98,A
84691,PACK 20 DOLLY PEGS,2.3,A
21163,DO NOT TOUCH MY STUFF DOOR HANGER,2.69,A
22285,"DECORATION HEN ON NEST, HANGING",2.66,A
22433,WATERING CAN GREEN DINOSAUR,4.15,A
22040,BOTANICAL ROSE GIFT WRAP,0.9,A
22989,SET 2 PANTRY DESIGN TEA TOWELS,3.61,A
21824,PAINTED METAL STAR WITH HOLLY BELLS,2.17,A
21563,RED HEART SHAPE LOVE BUCKET,3.54,A
21447,12 IVORY ROSE PEG PLACE SETTINGS,3.32,A
22709,WRAP WEDDING DAY,0.73,A
17084N,FAIRY DREAMS INCENSE,1.82,A
21539,RETRO SPOTS BUTTER DISH,7.14,A
22292,"SPRING DEC , HANGING CHICK  YELLOW",2.28,A
21278,VINTAGE KITCHEN PRINT PUDDINGS,1.16,A
22422,TOOTHPASTE TUBE PEN,3.59,A
21123,SET/10 IVORY SPOTTY PARTY CANDLES,2.5,A
22478,BIRDHOUSE GARDEN MARKER,3.07,A
21713,CITRONELLA CANDLE FLOWERPOT,3.91,A
22814,CARD PARTY GAMES,2.87,A
23570,TRADITIONAL PICK UP STICKS GAME,2.79,A
84509F,NEW ENGLAND PLACEMATS,0.44,A
21806,WHITE CHRISTMAS HEART DECORATION,1.28,A
85176,SEWING SUSAN 21 NEEDLE SET,3.01,A
22893,MINI CAKE STAND T-LIGHT HOLDER,1.78,A
23173,REGENCY TEAPOT ROSES,4.05,A
22347,PIZZA SLICE DISH,1.12,A
22625,RED KITCHEN SCALES,9.59,A
21586,KINGS CHOICE GIANT TUBE MATCHES,2.48,A
21201,TROPICAL  HONEYCOMB PAPER GARLAND,2.34,A
85048,15CM CHRISTMAS GLASS BALL 20 LIGHTS,5.25,A
79063D,"RETRO PILL BOX , REVOLUTIONARY",0.12,A
22110,BIRD HOUSE HOT WATER BOTTLE,5.26,A
23506,MINI PLAYING CARDS SPACEBOY,1.49,A
47504K,ENGLISH ROSE GARDEN SECATEURS,3.1,A
84535B,FAIRY CAKES NOTEBOOK A6 SIZE,3.28,A
21745,GAOLERS KEYS DECORATIVE GARDEN,4.78,A
21041,RED SPOTTY OVEN GLOVE DOUBLE,5.33,A
23154,SET OF 4 JAM JAR MAGNETS,2.37,A
22715,CARD WEDDING DAY,2.1,A
22441,GROW YOUR OWN BASIL IN ENAMEL MUG,4.8,A
37444A,YELLOW BREAKFAST CUP AND SAUCER,0.5,A
23350,ROLL WRAP VINTAGE SPOT,2.99,A
22941,CHRISTMAS LIGHTS 10 REINDEER,4.98,A
85042,ANTIQUE LILY FAIRY LIGHTS,2.86,A
22358,KINGS CHOICE TEA CADDY,6.02,A
22718,CARD CAT AND TREE,2.58,A
22654,DELUXE SEWING KIT,6.03,A
23445,ICE CREAM BUBBLES,0.98,A
85040B,SET/4 BLUE FLOWER CANDLES IN BOWL,2.56,A
23320,GIANT 50'S CHRISTMAS CRACKER,3.28,A
16236,KITTY PENCIL ERASERS,2.58,A
22809,SET OF 6 T-LIGHTS SANTA,3.9,A
17038,PORCELAIN BUDAH INCENSE HOLDER,0.53,A
22360,"GLASS JAR, ENGLISH CONFECTIONERY",4.31,A
21949,SET OF 6 STRAWBERRY CHOPSTICKS,2.68,A
21702,SET 5 MINI GATEAUX  FRIDGE MAGNETS,0.08,A
23158,SET OF 5 LUCKY CAT MAGNETS,2.45,A
22736,"RIBBON REEL, MAKING SNOWMEN",4.25,A
23346,SPACEBOY BEAKER,1.79,A
22943,CHRISTMAS LIGHTS 10 VINTAGE BAUBLES,3.73,A
23508,MINI PLAYING CARDS DOLLY GIRL,1.26,A
22956,36 FOIL HEART CAKE CASES,2.82,A
21158,MOODY GIRL DOOR HANGER,3.18,A
22321,BIRD DECORATION RED SPOT,3.0,A
22997,TRAVEL CARD WALLET UNION JACK,2.16,A
21577,SAVE THE PLANET COTTON TOTE BAG,4.57,A
22349,"DOG BOWL , CHASING BALL DESIGN",3.57,A
22725,ALARM CLOCK BAKELIKE CHOCOLATE,5.54,A
21245,GREEN  SPOTTY PLATE,3.01,A
82599,FANNY'S REST STOPMETAL SIGN,5.13,A
22434,BALLOON PUMP WITH 10 BALLOONS,2.85,A
22607,WOODEN ROUNDERS GARDEN SET,7.3,A
22366,DOORMAT AIRMAIL,5.59,A
21911,GARDEN METAL SIGN,3.4,A
21705,BAG 500g SWIRLY MARBLES,2.24,A
22268,EASTER DECORATION SITTING BUNNY,2.4,A
23497,CLASSIC CHROME BICYCLE BELL,1.92,A
22690,DOORMAT HOME SWEET HOME BLUE,4.3,A
15056P,EDWARDIAN PARASOL PINK,3.35,A
21100,CHARLIE AND LOLA CHARLOTTE BAG,2.67,A
20970,PINK FLORAL FELTCRAFT SHOULDER BAG,5.74,A
22085,PAPER CHAIN KIT SKULLS,2.23,A
84937,KASHMIR FOLKART TUMBLERS,1.2,A
22266,EASTER DECORATION HANGING BUNNY,1.66,A
22582,PACK OF 6 SWEETIE GIFT BOXES,2.99,A
21845,DAIRY MAID STRIPE MUG,1.53,A
21328,BALLOONS  WRITING SET,6.52,A
23177,TREASURE ISLAND BOOK BOX,2.6,A
21291,SMALL SPOTTY CHOCOLATE GIFT BAG,1.54,A
21354,TOAST ITS - BEST MUM,2.17,A
16238,PARTY TIME PENCIL ERASERS,2.36,A
22406,MONEY BOX KINGS CHOICE DESIGN,2.17,A
23510,MINI PLAYING CARDS GYMKHANA,1.2,A
84596G,SMALL CHOCOLATES PINK BOWL,3.43,A
84828,JUNGLE POPSICLES ICE LOLLY HOLDERS,3.5,A
21880,RED AND WHITE SPOT TAPE,3.19,A
23340,VINTAGE CHRISTMAS CAKE FRILL,1.46,A
22337,ANGEL DECORATION PAINTED ZINC,1.49,A
23236,DOILEY STORAGE TIN,3.23,A
22133,PINK LOVE HEART SHAPE CUP,3.22,A
22284,HEN HOUSE DECORATION,2.99,A
23121,PACK OF 6 COCKTAIL PARASOL STRAWS,1.14,A
21990,MODERN FLORAL STATIONERY SET,4.94,A
21823,PAINTED METAL HEART WITH HOLLY BELL,2.28,B
21167,WHITE SAGE INCENSE,1.12,B
22773,GREEN DRAWER KNOB ACRYLIC EDWARDIAN,2.31,B
40001,WHITE BAMBOO RIBS LAMPSHADE,1.19,B
22798,ANTIQUE GLASS DRESSING TABLE POT,3.63,B
23545,WRAP RED DOILEY,0.81,B
22072,TEA CUP AND SAUCER RETRO SPOT,5.24,B
21292,SMALL STRIPES CHOCOLATE GIFT BAG,0.89,B
37450,CERAMIC CAKE BOWL + HANGING CAKES,3.92,B
22400,MAGNETS PACK OF 4 HOME SWEET HOME,2.35,B
72732,72732,0.01,B
22529,MAGIC DRAWING SLATE GO TO THE FAIR,1.54,B
37503,TEA TIME CAKE STAND IN GIFT BOX,5.01,B
72818,CHRISTMAS DECOUPAGE CANDLE,1.38,B
22978,PANTRY ROLLING PIN,2.28,B
21488,RED WHITE SCARF  HOT WATER BOTTLE,3.66,B
21107,CREAM SLICE FLANNEL PINK SPOT,3.25,B
23374,RED SPOT PAPER GIFT BAG,1.25,B
23345,DOLLY GIRL BEAKER,1.7,B
85071B,RED CHARLIE+LOLA PERSONAL DOORSIGN,1.66,B
21294,ETCHED GLASS COASTER,1.38,B
85230E,STRAWBRY SCENTED VOTIVE CANDLE,0.63,B
22717,CARD DOG AND BALL,2.1,B
22477,WATERING CAN GARDEN MARKER,2.7,B
21578,WOODLAND DESIGN  COTTON TOTE BAG,3.8,B
84510A,SET OF 4 ENGLISH ROSE COASTERS,4.68,B
22669,RED BABY BUNTING,4.37,B
23290,SPACEBOY CHILDRENS BOWL,2.05,B
22971,QUEENS GUARD COFFEE MUG,2.61,B
22304,COFFEE MUG BLUE PAISLEY DESIGN,1.69,B
37449,CERAMIC CAKE STAND + HANGING CAKES,4.71,B
22480,RED TEA TOWEL CLASSIC DESIGN,2.73,B
21058,PARTY INVITES WOODLAND,2.75,B
22170,PICTURE FRAME WOOD TRIPLE PORTRAIT,5.59,B
21211,SET OF 72 SKULL PAPER  DOILIES,2.32,B
22412,METAL SIGN NEIGHBOURHOOD WITCH,3.99,B
21883,STARS GIFT TAPE,2.22,B
21259,VICTORIAN SEWING BOX SMALL,6.55,B
21896,POTTING SHED TWINE,2.89,B
35954,SMALL FOLKART STAR CHRISTMAS DEC,1.22,B
21162,TOXIC AREA  DOOR HANGER,2.76,B
22208,WOOD STAMP SET THANK YOU,4.36,B
22224,WHITE LOVEBIRD LANTERN,3.96,B
21272,SALLE DE BAIN HOOK,3.46,B
23109,LED TEA LIGHTS,2.64,B
22674,FRENCH TOILET SIGN BLUE METAL,2.91,B
20985,HEART CALCULATOR,2.98,B
22217,T-LIGHT HOLDER HANGING LACE,2.1,B
22076,6 RIBBONS EMPIRE,3.75,B
21399,BLUE  SPOTTY  COFFEE MUG,1.14,B
23311,VINTAGE CHRISTMAS STOCKING,3.3,B
47568,ENGLISH ROSE DESIGN PEG BAG,3.96,B
22995,TRAVEL CARD WALLET SUKI,2.57,B
23356,LOVE HOT WATER BOTTLE,4.76,B
21161,KEEP OUT BOYS DOOR HANGER,2.08,B
23368,SET 12 COLOUR PENCILS DOLLY GIRL,2.28,B
85049D,BRIGHT BLUES RIBBONS,4.0,B
22093,MOTORING TISSUE BOX,2.76,B
22134,LADLE LOVE HEART RED,2.92,B
22482,BLUE TEA TOWEL CLASSIC DESIGN,2.21,B
47593B,SCOTTIES DESIGN BABY BIB,3.52,B
22580,ADVENT CALENDAR GINGHAM SACK,4.9,B
22980,PANTRY SCRUBBING BRUSH,2.83,B
21012,ANTIQUE ALL GLASS CANDLESTICK,2.99,B
85206A,CREAM FELT EASTER EGG BASKET,3.12,B
22365,DOORMAT RESPECTABLE HOUSE,4.39,B
85204,HANGING WOOD AND FELT FLOWER,1.52,B
22623,BOX OF VINTAGE JIGSAW BLOCKS,5.37,B
22429,ENAMEL MEASURING JUG CREAM,6.34,B
23089,GLASS BON BON JAR,2.18,B
47567B,TEA TIME KITCHEN APRON,3.58,B
17091A,LAVENDER INCENSE IN TIN,1.18,B
22649,STRAWBERRY FAIRY CAKE TEAPOT,4.98,B
22810,SET OF 6 T-LIGHTS SNOWMEN,3.5,B
23380,PACK OF 12 VINTAGE DOILY TISSUES,1.17,B
21126,SET OF 6 GIRLS CELEBRATION CANDLES,2.82,B
23032,DRAWER KNOB CRACKLE GLAZE IVORY,1.97,B
16016,LARGE CHINESE STYLE SCISSOR,1.05,B
23187,FRENCH STYLE STORAGE JAR BONBONS,0.71,B
84847,FLORAL BATHROOM SET,0.5,B
10123G,ARMY CAMO WRAPPING TAPE,0.18,B
23082,SET 6 PAPER TABLE LANTERN HEARTS,2.92,B
22751,FELTCRAFT PRINCESS OLIVIA DOLL,4.7,B
23211,RED ROCKING HORSE HAND PAINTED,1.56,B
22805,BLUE DRAWER KNOB ACRYLIC EDWARDIAN,2.33,B
22169,FAMILY ALBUM WHITE PICTURE FRAME,6.84,B
22063,CERAMIC BOWL WITH STRAWBERRY DESIGN,3.58,B
84792,ENCHANTED BIRD COATHANGER 5 HOOK,5.09,B
21403,BLUE EGG  SPOON,1.51,B
23159,SET OF 5 PANCAKE DAY MAGNETS,2.19,B
21948,SET OF 6 CAKE CHOPSTICKS,2.67,B
72586,"S/6 HALLOWEEN GHOST T LIGHTS, 5CM H",1.79,B
21389,IVORY HANGING DECORATION  BIRD,2.59,B
22521,CHILDS GARDEN TROWEL PINK,3.7,B
22520,CHILDS GARDEN TROWEL BLUE,3.65,B
23212,HEART WREATH DECORATION WITH BELL,1.86,B
21398,RED  SPOTTY COFFEE  MUG,1.23,B
85184C,S/4 VALENTINE DECOUPAGE HEART BOX,3.4,B
22896,PEG BAG APPLE DESIGN,3.63,B
22305,COFFEE MUG PINK PAISLEY DESIGN,1.41,B
21066,VINTAGE RED MUG,1.29,B
21143,ANTIQUE GLASS HEART DECORATION,2.04,B
21439,BASKET OF TOADSTOOLS,2.38,B
21192,WHITE BELL HONEYCOMB PAPER,2.32,B
23119,PACK OF 6 LARGE FRUIT STRAWS,1.45,B
79323P,PINK CHERRY LIGHTS,2.53,B
35471D,SET OF 3 BIRD LIGHT PINK FEATHER,3.5,B
23334,IVORY WICKER HEART SMALL,1.3,B
21640,ASSORTED TUTTI FRUTTI  FOB NOTEBOOK,2.13,B
21658,GLASS  BEURRE DISH,5.21,B
85017B,ENVELOPE 50 BLOSSOM IMAGES,3.12,B
21587,COSY HOUR GIANT TUBE MATCHES,2.82,B
22354,RETRO SPOT PADDED SEAT CUSHION,2.71,B
23122,PARTY CHARMS 50 PIECES,1.31,B
23366,SET 12 COLOURING PENCILS DOILY,1.9,B
84030E,ENGLISH ROSE HOT WATER BOTTLE,5.04,B
22334,DINOSAUR PARTY BAG + STICKER SET,2.59,B
22522,CHILDS GARDEN FORK BLUE,3.3,B
22948,METAL DECORATION NAUGHTY CHILDREN,1.89,B
22043,CHRISTMAS CARD SCREEN PRINT,1.26,B
22675,FRENCH KITCHEN SIGN BLUE METAL,2.66,B
23090,VINTAGE GLASS T-LIGHT HOLDER,1.46,B
21112,"SWISS ROLL TOWEL, PINK  SPOTS",1.87,B
21383,PACK OF 12 STICKY BUNNIES,3.28,B
23155,KNICKERBOCKERGLORY MAGNET ASSORTED,1.3,B
72802C,VANILLA SCENT CANDLE JEWELLED BOX,2.74,B
21866,UNION JACK FLAG LUGGAGE TAG,4.61,B
90167,BEADED LOVE HEART JEWELLERY SET,1.09,B
21805,WHITE CHRISTMAS TREE DECORATION,1.0,B
23108,SET OF 10 LED DOLLY LIGHTS,3.57,B
21224,SET/4 SKULL BADGES,3.11,B
20730,STRAWBERRY CANDY BAG,0.97,B
23191,BUNDLE OF 3 RETRO NOTE BOOKS,2.79,B
21241,GREEN SPOTTY CUP,2.5,B
85230B,CINNAMON SCENTED VOTIVE CANDLE,0.69,B
84754,S/15 SILVER GLASS BAUBLES IN BAG,2.3,B
23035,DRAWER KNOB CERAMIC IVORY,1.86,B
22187,GREEN CHRISTMAS TREE CARD HOLDER,3.7,B
23247,BISCUIT TIN 50'S CHRISTMAS,3.0,B
84975,HEART SHAPED MIRROR,2.12,B
22315,200 RED + WHITE BENDY STRAWS,3.89,B
22994,TRAVEL CARD WALLET RETROSPOT,2.1,B
22523,CHILDS GARDEN FORK PINK,3.5,B
22061,LARGE CAKE STAND  HANGING STRAWBERY,5.05,B
22587,"FELTCRAFT HAIRBAND, S/2, RED/BLUE",3.21,B
23241,TREASURE TIN GYMKHANA DESIGN,3.56,B
35160,BUDDHA INCENSE HOLDER ASSORTED,0.54,B
23292,SPACE BOY CHILDRENS CUP,2.13,B
22073,RETRO SPOT STORAGE JAR,4.85,B
21677,HEARTS  STICKERS,2.74,B
22364,GLASS JAR DIGESTIVE BISCUITS,3.45,B
22897,OVEN MITT APPLE DESIGN,2.92,B
35924,HANGING FAIRY CAKE DECORATION,1.89,B
21397,BLUE  SPOTTY EGG CUP,1.74,B
21206,STRAWBERRY HONEYCOMB  GARLAND,2.32,B
21125,SET 6 FOOTBALL CELEBRATION CANDLES,2.52,B
23100,SILVER BELLS TABLE DECORATION,2.53,B
22231,JIGSAW TREE WITH BIRDHOUSE,2.96,B
23176,ABC TREASURE BOOK BOX,2.18,B
22074,6 RIBBONS SHIMMERING PINKS,2.85,B
22692,DOORMAT WELCOME TO OUR HOME,5.9,B
22707,WRAP MONSTER FUN,0.79,B
85231B,CINAMMON SET OF 9 T-LIGHTS,3.91,B
22311,OFFICE MUG WARMER BLACK+SILVER,3.1,B
22099,CARAVAN SQUARE TISSUE BOX,2.99,B
10125,MINI FUNKY DESIGN TAPES,1.72,B
17129D,CLEAR COLOUR GLASS GEMS IN BAG,0.39,B
16043,POP ART PUSH DOWN RUBBER,0.12,B
23002,TRAVEL CARD WALLET SKULLS,1.88,B
23148,MINIATURE ANTIQUE ROSE HOOK IVORY,2.45,B
85049B,LUSH GREENS RIBBONS,3.32,B
85049F,BABY BOOM RIBBONS,3.11,B
85118,HEART T-LIGHT HOLDER,0.82,B
21411,GINGHAM HEART  DOORSTOP RED,6.17,B
22565,FELTCRAFT HAIRBANDS PINK + WHITE,2.81,B
21329,DINOSAURS  WRITING SET,5.55,B
22586,FELTCRAFT HAIRBAND PINK AND BLUE,3.0,B
84989A,75 GREEN FAIRY CAKE CASES,1.51,B
22261,FELT EGG COSY WHITE RABBIT,2.53,B
21159,MOODY BOY  DOOR HANGER,2.41,B
22420,LIPSTICK PEN BABY PINK,2.34,B
23256,CHILDRENS CUTLERY SPACEBOY,3.56,B
22357,KINGS CHOICE BISCUIT TIN,4.55,B
23333,IVORY WICKER HEART MEDIUM,2.37,B
22922,FRIDGE MAGNETS US DINER ASSORTED,1.1,B
23434,3 RAFFIA RIBBONS 50'S CHRISTMAS,1.91,B
22097,SWALLOW SQUARE TISSUE BOX,2.59,B
16169K,WRAP FOLK ART,0.58,B
22550,HOLIDAY FUN LUDO,4.24,B
22179,SET 10 LIGHTS NIGHT OWL,5.6,B
85040A,S/4 PINK FLOWER CANDLES IN BOWL,4.04,B
22747,POPPY'S PLAYHOUSE BATHROOM,4.1,B
23145,ZINC T-LIGHT HOLDER STAR LARGE,1.62,B
85131A,BEADED PEARL HEART WHITE ON STICK,1.95,B
21873,IF YOU CAN'T STAND THE HEAT MUG,2.0,B
85049H,URBAN BLACK RIBBONS,3.27,B
85114B,IVORY ENCHANTED FOREST PLACEMAT,2.24,B
23332,IVORY WICKER HEART LARGE,2.87,B
35015,JACOBS LADDER SMALL,0.37,B
85132C,CHARLIE AND LOLA FIGURES TINS,2.95,B
22293,"SPRING DEC , HANGING CHICK  GREEN",2.28,B
23266,SET OF 3 WOODEN STOCKING DECORATION,3.26,B
21070,VINTAGE BILLBOARD MUG,2.28,B
16169M,WRAP DAISY CARPET,0.57,B
22262,FELT EGG COSY CHICKEN,3.19,B
21421,PORCELAIN ROSE LARGE,1.08,B
85053,FRENCH ENAMEL CANDLEHOLDER,3.8,B
16169N,WRAP BLUE RUSSIAN FOLKART,0.54,B
21747,SMALL SKULL WINDMILL,1.48,B
22917,HERB MARKER ROSEMARY,2.61,B
22186,RED STAR CARD HOLDER,3.45,B
22547,MINI JIGSAW DINOSAUR,1.9,B
85116,BLACK CANDELABRA T-LIGHT HOLDER,1.88,B
37444B,BLUE BREAKFAST CUP AND SAUCER,0.3,B
23101,SILVER STARS TABLE DECORATION,2.09,B
22264,FELT FARM ANIMAL WHITE BUNNY,1.72,B
22949,36 DOILIES DOLLY GIRL,1.74,B
72349B,SET/6 PURPLE BUTTERFLY T-LIGHTS,2.86,B
21384,IVORY HANGING DECORATION  BUTTERFLY,1.49,B
22779,WOODEN OWLS LIGHT GARLAND,1.98,B
23280,FOLDING BUTTERFLY MIRROR HOT PINK,1.51,B
72807C,SET/3 VANILLA SCENTED CANDLE IN BOX,3.44,B
85224,ASSORTED COLOUR SILK GLASSES CASE,0.65,B
21785,RAIN PONCHO,1.07,B
21214,SET OF 72 IVORY PAPER DOILIES,1.95,B
23004,TRAVEL CARD WALLET PANTRY,2.16,B
22044,CHRISTMAS CARD STACK OF PRESENTS,0.9,B
20653,CHERRY BLOSSOM LUGGAGE TAG,0.79,B
22916,HERB MARKER THYME,2.58,B
35971,ROSE FOLKART HEART DECORATIONS,2.23,B
22191,EAU DE NIL DINER WALL CLOCK,6.12,B
22592,CARDHOLDER HOLLY WREATH METAL,3.02,B
22972,CHILDREN'S SPACEBOY MUG,2.56,B
22136,LOVE HEART SOCK HANGER,2.67,B
22902,dotcom email,2.09,B
22236,CAKE STAND 3 TIER MAGIC GARDEN,4.06,B
85230A,OPIUM SCENTED VOTIVE CANDLE,0.46,B
85218,S/5 MINI ICE CREAM FRIDGE MAGNETS,0.02,B
23186,FRENCH STYLE STORAGE JAR CAFE,0.68,B
23436,GIFT BAG LARGE VINTAGE CHRISTMAS,1.09,B
22525,CHILDRENS GARDEN GLOVES PINK,3.29,B
21014,SWISS CHALET TREE DECORATION,1.97,B
22918,HERB MARKER PARSLEY,2.61,B
16015,MEDIUM CHINESE STYLE SCISSOR,0.64,B
22416,36 DOILIES SPACEBOY DESIGN,1.7,B
84849B,FAIRY SOAP SOAP HOLDER,2.87,B
22524,CHILDRENS GARDEN GLOVES BLUE,2.92,B
21564,PINK  HEART SHAPE LOVE BUCKET,2.87,B
22361,temp,4.9,B
21327,SKULLS WRITING SET,4.96,B
23264,SET OF 3 WOODEN SLEIGH DECORATIONS,3.02,B
21864,UNION JACK FLAG PASSPORT COVER,4.1,B
22286,"DECORATION , WOBBLY RABBIT , METAL",1.9,B
84006,MAGIC TREE -PAPER FLOWERS,2.15,B
35095B,RED VICTORIAN FABRIC OVAL BOX,1.74,B
20733,GOLD MINI TAPE MEASURE,2.95,B
22276,WASH BAG VINTAGE ROSE PAISLEY,3.73,B
22479,DAISY GARDEN MARKER,2.1,B
22117,METAL SIGN HER DINNER IS SERVED,2.24,B
21452,TOADSTOOL MONEY BOX,4.2,B
17164D,ASS COL SMALL SAND FROG P'WEIGHT,0.33,B
23234,BISCUIT TIN VINTAGE CHRISTMAS,2.68,B
22193,RED DINER WALL CLOCK,6.08,B
23437,50'S CHRISTMAS GIFT BAG LARGE,1.25,B
22101,MIRROR MOSAIC VOTIVE HOLDER,1.15,B
23504,PLAYING CARDS JUBILEE UNION JACK,2.1,B
23083,SET 6 PAPER TABLE LANTERN STARS,2.38,B
21007,ETCHED GLASS DROPLET DECORATION,0.47,B
23193,BUFFALO BILL TREASURE BOOK BOX,1.72,B
72225C,LAVENDER SCENT CAKE CANDLE,0.36,B
23399,HOME SWEET HOME HANGING HEART,2.29,B
85014D,PINK/BROWN DOTS RUFFLED UMBRELLA,0.88,B
22396,MAGNETS PACK OF 4 RETRO PHOTO,1.86,B
85071A,BLUE CHARLIE+LOLA PERSONAL DOORSIGN,1.44,B
20960,WATERMELON BATH SPONGE,2.11,B
21541,DINOSAURS WATER TRANSFER TATTOOS,1.93,B
22483,RED GINGHAM TEDDY BEAR,3.48,B
22067,CHOC TRUFFLE GOLD TRINKET POT,2.53,B
21945,STRAWBERRIES  DESIGN FLANNEL,2.42,B
22583,PACK OF 6 HANDBAG GIFT BOXES,3.62,B
21357,TOAST ITS - DINOSAUR,2.19,B
17001,HEAVENS SCENT FRAGRANCE OILS ASSTD,0.23,B
22371,AIRLINE BAG VINTAGE TOKYO 78,6.91,B
84944,SET OF 6 KASHMIR FOLKART BAUBLES,2.03,B
23287,RED VINTAGE SPOT BEAKER,1.92,B
22965,3 TRADITIONAl BISCUIT CUTTERS  SET,2.62,B
22251,BIRDHOUSE DECORATION MAGIC GARDEN,2.91,B
23196,RETRO LEAVES MAGNETIC NOTEPAD,2.94,B
21542,WOODLAND WATER TRANSFER TATTOOS,1.84,B
20657,TROPICAL LUGGAGE TAG,1.16,B
22676,"FRENCH BLUE METAL DOOR SIGN, 1",3.08,B
23382,BOX OF 6 CHRISTMAS CAKE DECORATIONS,2.1,B
85041,SET/4 PINK ORCHID CANDLES IN BOWL,0.96,B
23147,SINGLE ANTIQUE ROSE HOOK IVORY,2.53,B
21011,GLITTER SNOW PEAR TREE DECORATION,1.27,B
23229,VINTAGE DONKEY TAIL GAME,2.44,B
22199,FRYING PAN RED POLKADOT,3.96,B
23552,BICYCLE PUNCTURE REPAIR KIT,1.18,B
23238,SET OF 4 KNICK KNACK TINS LONDON,2.71,B
21171,BATHROOM METAL SIGN,2.51,B
23365,SET 12 COLOUR PENCILS LOVE LONDON,1.67,B
23550,WRAP ALPHABET POSTER,0.61,B
22070,SMALL RETRO SPOT MUG IN BOX  RED,3.17,B
22265,EASTER DECORATION NATURAL CHICK,1.73,B
22650,CERAMIC PIRATE CHEST MONEY BANK,2.84,B
22102,MIRROR MOSAIC T-LIGHT HOLDER,0.59,B
22175,PINK OWL SOFT TOY,3.63,B
22780,LIGHT GARLAND BUTTERFILES PINK,1.79,B
22605,WOODEN CROQUET GARDEN SET,6.23,B
22342,HOME GARLAND PAINTED ZINC,2.25,B
23551,PACK OF 12 PAISLEY PARK TISSUES,1.34,B
84012,MAGIC SHEEP WOOL GROWING FROM PAPER,1.74,B
22042,CHRISTMAS CARD SINGING ANGEL,1.34,B
23268,SET OF 2 CERAMIC CHRISTMAS REINDEER,0.9,B
23194,GYMKHANNA TREASURE BOOK BOX,2.1,B
85177,BASKET OF FLOWERS SEWING KIT,1.42,B
21826,EIGHT PIECE DINOSAUR SET,2.55,B
22919,HERB MARKER MINT,2.55,B
23163,REGENCY SUGAR TONGS,1.99,B
21675,BUTTERFLIES STICKERS,2.65,B
35649,VINTAGE BEAD COSMETIC BAG,0.51,B
22340,NOEL GARLAND PAINTED ZINC,1.79,B
20832,RED FLOCK LOVE HEART PHOTO FRAME,1.57,B
21336,GOLD WASHBAG,0.42,B
72484,ROSES IN WHITE HEART CANDLE,0.64,B
23438,RED SPOT GIFT BAG LARGE,1.06,B
23501,KEY RING BASEBALL BOOT UNION JACK,1.1,B
85194L,HANGING SPRING FLOWER EGG LARGE,1.42,B
21906,PHARMACIE FIRST AID TIN,4.22,B
18097C,WHITE TALL PORCELAIN T-LIGHT HOLDER,2.15,B
21973,SET OF 36 MUSHROOM PAPER DOILIES,2.02,B
84249D,FAIRY CAKE GREETINGS CARD,0.64,B
35095A,BLUE VICTORIAN FABRIC OVAL BOX,1.61,B
84880,WHITE WIRE EGG HOLDER,3.7,B
22157,ANGEL DECORATION WITH LACE PADDED,1.29,B
22921,HERB MARKER CHIVES,2.28,B
90057,DIAMANTE RING ASSORTED IN BOX.,0.35,B
23330,DECORATIVE WICKER HEART MEDIUM,2.2,B
20886,BOX OF 9 PEBBLE CANDLES,3.11,B
21340,CLASSIC METAL BIRDCAGE PLANT HOLDER,4.18,B
23352,ROLL WRAP 50'S RED CHRISTMAS,2.05,B
22310,KNITTED MUG COSY IVORY COLOUR,2.3,B
21503,TOYBOX  WRAP,0.61,B
23480,MINI LIGHTS WOODLAND MUSHROOMS,2.1,B
22598,CHRISTMAS MUSICAL ZINC TREE,1.43,B
21944,KITTENS DESIGN FLANNEL,2.01,B
85064,CREAM SWEETHEART LETTER RACK,2.85,B
84341B,SMALL PINK MAGIC CHRISTMAS TREE,1.3,B
84818,DANISH ROSE PHOTO FRAME,2.06,B
21624,VINTAGE UNION JACK DOORSTOP,3.95,B
23265,SET OF 3 WOODEN TREE DECORATIONS,3.02,B
22468,BABUSHKA LIGHTS STRING OF 10,4.11,B
22957,SET 3 PAPER VINTAGE CHICK PAPER EGG,2.09,B
23329,DECORATIVE WICKER HEART LARGE,2.49,B
85183B,CHARLIE & LOLA WASTEPAPER BIN FLORA,1.67,B
21634,ASSORTED MINI MADRAS NOTEBOOK,0.68,B
21817,GLITTER CHRISTMAS TREE,1.42,B
21666,RIDGED GLASS T-LIGHT HOLDER,0.84,B
79030G,"TUMBLER, NEW ENGLAND",1.19,B
22103,MIRROR MOSAIC T-LIGHT HOLDER ROUND,0.7,B
35598D,PINK/WHITE CHRISTMAS TREE 60CM,1.07,B
23006,TRAVEL CARD WALLET FLOWER MEADOW,1.66,B
22776,SWEETHEART CAKESTAND 3 TIER,6.78,B
85194S,HANGING SPRING FLOWER EGG SMALL,1.27,B
16168M,FUNKY MONKEY GIFT BAG MEDIUM,1.0,B
37327,ASSTD MULTICOLOUR CIRCLES MUG,0.91,B
22628,PICNIC BOXES SET OF 3 RETROSPOT,3.41,B
16169P,WRAP GREEN RUSSIAN FOLKART,0.46,B
21774,DECORATIVE CATS BATHROOM BOTTLE,3.66,B
22974,CHILDRENS DOLLY GIRL MUG,2.28,B
21684,SMALL MEDINA STAMPED METAL BOWL,1.05,B
35832,WOOLLY HAT SOCK GLOVE ADVENT STRING,1.84,B
72760B,VINTAGE CREAM 3 BASKET CAKE STAND,4.88,B
47480,HANGING PHOTO CLIP ROPE LADDER,1.47,B
22403,MAGNETS PACK OF 4 VINTAGE LABELS,2.1,B
23271,CHRISTMAS TABLE CANDLE SILVER SPIKE,1.02,B
23327,HANGING CLEAR MINI BOTTLE,0.4,B
37479B,CUBIC MUG FLOCK BLUE ON BROWN,0.36,B
22228,BUNNY WOODEN PAINTED WITH BIRD,2.67,B
85230G,ORANGE VOTIVE CANDLE,0.46,B
22634,CHILDS BREAKFAST SET SPACEBOY,5.0,B
84884A,ANT WHITE WIRE HEART SPIRAL,3.0,B
21015,DARK BIRD HOUSE TREE DECORATION,1.86,B
22409,MONEY BOX BISCUITS DESIGN,1.64,B
22671,FRENCH LAUNDRY SIGN BLUE METAL,2.44,B
85226A,WHITE/BLUE PULL BACK RACING CAR,1.48,B
23120,PACK OF 6 SMALL FRUIT STRAWS,1.08,B
23161,REGENCY CAKE FORK,0.93,B
23251,VINTAGE RED ENAMEL TRIM MUG,1.15,B
23371,SET 36 COLOUR PENCILS SPACEBOY,1.83,B
21947,SET OF 6 HEART CHOPSTICKS,2.98,B
22821,GIFT BAG PSYCHEDELIC APPLES,1.82,B
22306,SILVER MUG BONE CHINA TREE OF LIFE,1.65,B
23254,CHILDRENS CUTLERY DOLLY GIRL,2.92,B
21258,VICTORIAN SEWING BOX LARGE,5.43,B
85197,SET OF 12 MINI BUNNIES IN A BUCKET,0.77,B
23190,BUNDLE OF 3 SCHOOL EXERCISE BOOKS,1.93,B
21402,RED  EGG  SPOON,1.45,B
47580,TEA TIME DES TEA COSY,3.46,B
85016,SET OF 6 VINTAGE NOTELETS KIT,1.63,B
22635,CHILDS BREAKFAST SET DOLLY GIRL,4.85,B
21942,SKULLS DESIGN FLANNEL,2.22,B
21249,WOODLAND  HEIGHT CHART STICKERS,2.56,B
21614,SET OF 12 ROSE BOTANICAL T-LIGHTS,1.91,B
20734,SILVER MINI TAPE MEASURE,1.19,B
23213,STAR WREATH DECORATION WITH BELL,1.49,B
37444C,PINK BREAKFAST CUP AND SAUCER,0.58,B
22096,PINK PAISLEY SQUARE TISSUE BOX,1.87,B
22923,FRIDGE MAGNETS LES ENFANTS ASSORTED,0.94,B
84849D,HOT BATHS SOAP HOLDER,2.54,B
21641,ASSORTED TUTTI FRUTTI KEYRING BALL,1.1,B
22405,MONEY BOX POCKET MONEY DESIGN,2.19,B
22036,DINOSAUR BIRTHDAY CARD,1.3,B
15044B,BLUE PAPER PARASOL,1.83,B
23156,SET OF 5 MINI GROCERY MAGNETS,2.02,B
21756,BATH BUILDING BLOCK WORD,5.86,B
85107,CUT GLASS T-LIGHT HOLDER OCTAGON,0.76,B
23135,SMALL ZINC HEART WALL ORGANISER,0.45,B
22034,ROBIN CHRISTMAS CARD,0.94,B
85039B,S/4 IVORY MINI ROSE CANDLE IN BOWL,2.61,B
22795,SWEETHEART RECIPE BOOK STAND,5.08,B
21773,DECORATIVE ROSE BATHROOM BOTTLE,3.04,B
22636,CHILDS BREAKFAST SET CIRCUS PARADE,4.89,B
79067,CORONA MEXICAN TRAY,3.95,B
22135,LADLE LOVE HEART PINK,3.14,B
22230,JIGSAW TREE WITH WATERING CAN,1.89,B
20748,KENSINGTON COFFEE SET,1.8,B
22627,MINT KITCHEN SCALES,6.54,B
22249,DECORATION WHITE CHICK MAGIC GARDEN,2.46,B
21110,LARGE CAKE TOWEL PINK SPOTS,3.25,B
21846,PINK DIAMANTE PEN IN GIFT BOX,2.62,B
22487,WHITE WOOD GARDEN PLANT LADDER,8.69,B
23498,CLASSIC BICYCLE CLIPS,1.01,B
23227,FILIGREE HEART BUTTERFLY WHITE,1.11,B
84763,ZINC FINISH 15CM PLANTER POTS,1.68,B
21414,SCALLOP SHELL SOAP DISH,0.35,B
23291,DOLLY GIRL CHILDRENS CUP,1.88,B
22322,BIRD DECORATION GREEN  SPOT,2.64,B
22955,36 FOIL STAR CAKE CASES,1.97,B
72817,SET/2 CHRISTMAS DECOUPAGE CANDLES,2.21,B
21556,CERAMIC STRAWBERRY MONEY BOX,2.92,B
23500,KEY RING BASEBALL BOOT ASSORTED,1.02,B
37342,SPOTTY COFFEE CUP & SAUCER,1.27,B
22318,FIVE HEART HANGING DECORATION,3.89,B
21356,TOAST ITS - FAIRY FLOWER,3.5,B
79191C,RETRO PLASTIC ELEPHANT TRAY,1.53,B
21905,MORE BUTTER METAL SIGN,2.54,B
20658,RED SPOTTY LUGGAGE TAG,3.6,B
23289,DOLLY GIRL CHILDRENS BOWL,1.83,B
21059,PARTY INVITES DINOSAURS,2.13,B
22210,WOOD STAMP SET BEST WISHES,2.9,B
20707,CRAZY DAISY HEART DECORATION,1.93,B
22033,BOTANICAL ROSE GREETING CARD,1.23,B
20738,GREEN MINI TAPE MEASURE,0.7,B
21204,DAISIES  HONEYCOMB GARLAND,1.98,B
23373,VINTAGE CHRISTMAS PAPER GIFT BAG,0.95,B
22677,"FRENCH BLUE METAL DOOR SIGN, 2",2.75,B
21257,VICTORIAN SEWING BOX MEDIUM,5.3,B
20714,POSY SHOPPER BAG,0.28,B
15044D,RED PAPER PARASOL,2.2,B
22784,LANTERN CREAM GAZEBO,3.76,B
22344,PARTY PIZZA DISH PINK+WHITE SPOT,1.3,B
23331,DECORATIVE WICKER HEART SMALL,1.09,B
22702,BLACK AND WHITE CAT BOWL,0.94,B
22121,NOEL WOODEN BLOCK LETTERS,4.56,B
72802B,OCEAN SCENT CANDLE IN JEWELLED BOX,2.11,B
22559,SEASIDE FRISBEE,1.99,B
22081,RIBBON REEL FLORA + FAUNA,3.01,B
17129F,DEEP BLUE GLASS GEMS IN BAG,1.42,B
37495,FAIRY CAKE BIRTHDAY CANDLE SET,3.21,B
22924,FRIDGE MAGNETS LA VIE EN ROSE,1.0,B
21879,HEARTS GIFT TAPE,1.51,B
23681,LUNCH BAG RED VINTAGE DOILY,1.28,B
22260,FELT EGG COSY BLUE RABBIT,2.46,B
21651,HANGING GLASS ETCHED TEALIGHT,1.32,B
85196,EASTER BUNNIES ON A STICK,0.69,B
23547,WRAP FLOWER SHOP,0.59,B
16156N,"WRAP, FRIENDSHIP ON GREEN",0.54,B
22181,SNOWSTORM PHOTO FRAME FRIDGE MAGNET,1.39,B
21717,EASTER TIN BUCKET,1.72,B
22744,MAKE YOUR OWN MONSOON CARD KIT,3.09,B
23169,CLASSIC GLASS SWEET JAR,3.03,B
85206B,PINK FELT EASTER EGG BASKET,1.79,B
22424,ENAMEL BREAD BIN CREAM,7.22,B
21284,RETRO SPOT CANDLE  SMALL,1.36,B
23370,SET 36 COLOUR PENCILS DOILEY,1.5,B
21609,SET 12 LAVENDER  BOTANICAL T-LIGHTS,2.18,B
22071,SMALL RETRO SPOT MUG IN BOX  WHITE,2.6,B
21330,WOODLAND ANIMAL  WRITING SET,1.98,B
23348,CHILDRENS TOY COOKING UTENSIL SET,1.7,B
85186A,EASTER BUNNY GARLAND OF FLOWERS,1.57,B
20735,BLACK MINI TAPE MEASURE,2.05,B
35923,CANDY HEART HANGING DECORATION,1.09,B
21191,LARGE WHITE HONEYCOMB PAPER BELL,2.05,B
23302,KNEELING MAT HOUSEWORK  DESIGN,2.25,B
84596L,BISCUITS SMALL BOWL LIGHT BLUE,2.5,B
20716,PARTY FOOD SHOPPER BAG,2.43,B
21445,12 PINK ROSE PEG PLACE SETTINGS,1.47,B
21203,BUTTERFLIES  HONEYCOMB GARLAND,1.42,B
22458,CAST IRON HOOK GARDEN FORK,1.73,B
22454,MEASURING TAPE RUSSIAN DOLL RED,1.85,B
22743,MAKE YOUR OWN FLOWERPOWER CARD KIT,3.6,B
84839,SWEETHEART KEY CABINET,3.88,B
22211,WOOD STAMP SET FLOWERS,2.89,B
23221,REINDEER HEART DECORATION SILVER,1.43,B
20752,RETRO BLUE SPOTTY WASHING UP GLOVES,3.56,B
21643,ASSORTED TUTTI FRUTTI MIRROR,2.0,B
84509A,ENGLISH ROSE PLACEMATS,3.9,B
85174,S/4 CACTI CANDLES,3.71,B
16225,RATTLE SNAKE EGGS,1.66,B
20652,BLUE SPOTTY LUGGAGE TAG,1.73,B
16052,TEATIME PUSH DOWN RUBBER,0.35,B
22250,DECORATION  BUTTERFLY  MAGIC GARDEN,2.54,B
22269,EGG CUP NATURAL CHICKEN,1.99,B
84199,GLOW IN DARK DOLPHINS,0.74,B
21626,VINTAGE UNION JACK PENNANT,2.04,B
85183A,CHARLIE & LOLA WASTEPAPER BIN BLUE,1.36,B
84247G,"DECOUPAGE,GREETING CARD,",1.08,B
23381,PACK OF 12 VINTAGE LEAF TISSUES,0.79,B
84842,HELLO SAILOR BATHROOM SET,0.34,B
21042,RED SPOTTY APRON,4.0,B
79190B,RETRO PLASTIC POLKA TRAY,1.31,B
22438,BALLOON ART MAKE YOUR OWN FLOWERS,1.81,B
22695,WICKER WREATH SMALL,2.33,B
35004B,SET OF 3 BLACK FLYING DUCKS,2.67,B
22222,CAKE PLATE LOVEBIRD WHITE,3.9,B
22735,RIBBON REEL SOCKS AND MITTENS,2.45,B
84993A,75 GREEN PETIT FOUR CASES,1.72,B
85231G,ORANGE SCENTED SET/9 T-LIGHTS,2.57,B
84459B,YELLOW METAL CHICKEN HEART,2.12,B
47421,ASSORTED COLOUR LIZARD SUCTION HOOK,0.84,B
22146,EASTER CRAFT IVY WREATH WITH CHICK,1.09,B
85213,MINI  ZINC GARDEN DECORATIONS,0.8,B
21063,PARTY INVITES JAZZ HEARTS,2.3,B
23228,FILIGREE HEART BIRD WHITE,1.2,B
23197,SKETCHBOOK MAGNETIC SHOPPING LIST,2.4,B
21431,GREEN GINGHAM FLOWER JEWELLERY BOX,2.7,B
22696,WICKER WREATH LARGE,3.01,B
35400,WOODEN BOX ADVENT CALENDAR,4.13,B
22345,PARTY PIZZA DISH BLUE+WHITE SPOT,1.28,B
21209,MULTICOLOUR HONEYCOMB FAN,1.31,B
23242,TREASURE TIN BUFFALO BILL,2.12,B
22267,EASTER DECORATION EGG BUNNY,1.16,B
23323,WHITE WICKER STAR,2.91,B
20846,ZINC HEART LATTICE T-LIGHT HOLDER,1.7,B
85203,HANGING WOOD AND FELT BUTTERFLY,2.24,B
22459,CAST IRON HOOK GARDEN TROWEL,1.75,B
35951,FOLKART BAUBLE CHRISTMAS DECORATION,0.46,B
85039A,SET/4 RED MINI ROSE CANDLE IN BOWL,2.48,B
85131D,BEADED CRYSTAL HEART PINK\ON STICK,2.64,B
23160,REGENCY TEA SPOON,0.73,B
72800E,4 IVORY DINNER CANDLES SILVER FLOCK,2.99,B
82597,BOMBS AWAY METAL SIGN,2.13,B
72816,SET/3 CHRISTMAS DECOUPAGE CANDLES,1.46,B
21884,CAKES AND BOWS GIFT  TAPE,1.59,B
21922,UNION STRIPE WITH FRINGE  HAMMOCK,3.79,B
23431,NATURAL HANGING QUILTED HEARTS,0.73,B
21145,ANTIQUE GLASS PLACE SETTING,0.5,B
22519,CHILDS GARDEN BRUSH PINK,2.61,B
21289,LARGE STRIPES CHOCOLATE GIFT BAG,1.01,B
22279,POCKET BAG BLUE PAISLEY RED SPOT,2.12,B
85032A,ROMANTIC IMAGES GIFT WRAP SET,1.55,B
85060,WOOD FAN WITH FLOWER DESIGN,0.84,B
21743,STAR PORTABLE TABLE LIGHT,1.93,B
22192,BLUE DINER WALL CLOCK,5.32,B
15060B,FAIRY CAKE DESIGN UMBRELLA,4.41,B
21187,WHITE BELL HONEYCOMB PAPER GARLAND,1.53,B
22538,MINI JIGSAW GO TO THE FAIR,0.84,B
22664,TOY TIDY DOLLY GIRL DESIGN,2.61,B
21401,BLUE PUDDING SPOON,1.19,B
22277,COSMETIC BAG VINTAGE ROSE PAISLEY,2.46,B
22272,FELTCRAFT DOLL MARIA,3.03,B
21391,FRENCH EMROIDR LAVENDER SCENT HEART,1.78,B
22021,BLUE FELT EASTER EGG BASKET,2.3,B
22686,"FRENCH BLUE METAL DOOR SIGN, No",2.21,B
20681,PINK SPOTTY CHILDS UMBRELLA,3.38,B
22209,WOOD STAMP SET HAPPY BIRTHDAY,2.53,B
79066K,RETRO MOD TRAY,2.37,B
21061,PARTY INVITES FOOTBALL,1.61,B
22678,"FRENCH BLUE METAL DOOR SIGN, 3",2.5,B
22190,LOCAL CAFE MUG,2.47,B
22973,CHILDRENS CIRCUS PARADE MUG,1.6,B
21200,MULTICOLOUR HONEYCOMB PAPER GARLAND,1.23,B
22518,CHILDS GARDEN BRUSH BLUE,2.68,B
22430,ENAMEL WATERING CAN CREAM,3.61,B
23312,VINTAGE CHRISTMAS GIFT SACK,2.09,B
21655,HANGING RIDGE GLASS T-LIGHT HOLDER,0.87,B
22807,SET OF 6 T-LIGHTS TOADSTOOLS,2.99,B
21471,STRAWBERRY RAFFIA FOOD COVER,3.1,B
22203,MILK PAN RED RETROSPOT,3.84,B
22451,SILK PURSE RUSSIAN DOLL RED,2.58,B
21116,OWL DOORSTOP,5.4,B
23162,REGENCY TEA STRAINER,1.68,B
22254,FELT TOADSTOOL LARGE,1.45,B
85114A,BLACK ENCHANTED FOREST PLACEMAT,1.02,B
21111,"SWISS ROLL TOWEL, CHOCOLATE  SPOTS",2.15,B
85222,ASSORTED COLOUR SILK COSMETIC PURSE,0.51,B
22216,T-LIGHT HOLDER WHITE LACE,1.16,B
37471,MULTICOLOUR DOTS PLATE,0.1,B
22359,temp,2.09,B
22145,CHRISTMAS CRAFT HEART STOCKING,2.01,B
85186C,BUNNY EGG GARLAND,1.49,B
22680,"FRENCH BLUE METAL DOOR SIGN, 5",2.32,B
22591,CARDHOLDER GINGHAM CHRISTMAS TREE,2.03,B
22700,BLACK AND WHITE DOG BOWL,0.97,B
21593,SWALLOW CIGAR BOX MATCHES,0.92,B
23372,SET 36 COLOUR PENCILS DOLLY GIRL,1.46,B
21532,DAIRY MAID SUGAR JAM BOWL,0.9,B
20665,RED SPOTTY PURSE,3.48,B
22589,CARDHOLDER GINGHAM STAR,2.46,B
23534,STOP FOR TEA WALL ART,2.5,B
72801G,S/4 BURGUNDY WINE DINNER CANDLES,0.65,B
85035C,ROSE 3 WICK MORRIS BOX CANDLE,2.02,B
21463,MIRRORED DISCO BALL,2.97,B
22426,ENAMEL WASH BOWL CREAM,3.69,B
23028,DRAWER KNOB CRACKLE GLAZE BLUE,1.32,B
22449,SILK PURSE RUSSIAN DOLL PINK,3.12,B
70007,HI TEC ALPINE HAND WARMER,2.23,B
22452,MEASURING TAPE RUSSIAN DOLL PINK,2.5,B
84507B,STRIPES DESIGN MONKEY DOLL,1.11,B
22801,ANTIQUE GLASS PEDESTAL BOWL,3.1,B
22410,MONEY BOX HOUSEKEEPING DESIGN,1.9,B
85132A,CHARLIE + LOLA BISCUITS TINS,2.48,B
22820,GIFT BAG BIRTHDAY,1.07,B
85032D,YULETIDE IMAGES GIFT WRAP SET,1.41,B
85093,CANDY SPOT EGG WARMER HARE,1.48,B
21706,"FOLDING UMBRELLA , RED/WHITE SPOT",2.5,B
22476,EMPIRE UNION JACK TV DINNER TRAY,2.73,B
84559A,3D SHEET OF DOG STICKERS,2.3,B
21637,ASSORTED SANSKRIT MINI NOTEBOOK,0.89,B
23225,CHERUB HEART DECORATION SILVER,0.85,B
22840,ROUND CAKE TIN VINTAGE RED,4.01,B
23377,PACK OF 12 DOLLY GIRL TISSUES,1.3,B
21894,POTTING SHED SEED ENVELOPES,2.5,B
23029,DRAWER KNOB CRACKLE GLAZE GREEN,1.49,B
23375,50'S CHRISTMAS PAPER GIFT BAG,0.99,B
16169C,WRAP BLUE REINDEER,0.41,B
22673,FRENCH GARDEN SIGN BLUE METAL,1.92,B
22287,"DECORATION , WOBBLY CHICKEN, METAL",1.2,B
51020A,SUMMER FUN DESIGN SHOWER CAP,0.5,B
21881,CUTE CATS TAPE,1.14,B
22258,FELT FARM ANIMAL RABBIT,1.3,B
22309,TEA COSY RED  STRIPE,2.65,B
23483,HANGING  BUTTERFLY T-LIGHT HOLDER,0.72,B
84821,DANISH ROSE DELUXE COASTER,0.72,B
23535,BICYCLE SAFTEY WALL ART,2.1,B
21538,DAIRY MAID  PUDDING BOWL,0.52,B
48189,DOOR MAT FRIENDSHIP,2.67,B
21540,DAIRY MAID CERAMIC BUTTER DISH,0.85,B
85034C,3 ROSE MORRIS BOXED CANDLES,2.02,B
84558A,3D DOG PICTURE PLAYING CARDS,2.16,B
22975,SPACEBOY CHILDRENS EGG CUP,2.0,B
22312,OFFICE MUG WARMER POLKADOT,2.81,B
22445,PENCIL CASE LIFE IS BEAUTIFUL,2.84,B
21039,RED SPOTTY SHOPPING BAG,2.22,B
22200,FRYING PAN PINK POLKADOT,3.49,B
21407,BROWN CHECK CAT DOORSTOP,4.48,B
22288,"DECORATION , HANGING METAL RABBIT",1.25,B
22346,PARTY PIZZA DISH GREEN+WHITE SPOT,1.02,B
23499,SET 12 VINTAGE DOILY CHALK,1.1,B
16168S,FUNKY MONKEY GIFT BAG SMALL,0.11,B
23217,LAUREL HEART ANTIQUE SILVER,0.94,B
21199,PINK  HEART CONFETTI IN TUBE,1.43,B
22481,BLACK TEA TOWEL CLASSIC DESIGN,2.18,B
23549,WRAP BIRD GARDEN,0.5,B
22679,"FRENCH BLUE METAL DOOR SIGN, 4",2.3,B
23031,DRAWER KNOB CRACKLE GLAZE PINK,1.5,B
84611B,BLACK NEW BAROQUE FLOCK BOX,0.05,B
21927,BLUE/CREAM STRIPE CUSHION COVER,1.86,B
85071C,"CHARLIE+LOLA""EXTREMELY BUSY"" SIGN",1.36,B
22163,HEART STRING MEMO HOLDER HANGING,1.99,B
21060,PARTY INVITES BALLOON GIRL,1.45,B
23102,SILVER HEARTS TABLE DECORATION,1.54,B
20866,BLUE ROSE FABRIC MIRROR,1.89,B
85169A,IVORY LOVE BIRD CANDLE,1.54,B
21198,WHITE HEART CONFETTI IN TUBE,1.14,B
18098C,PORCELAIN BUTTERFLY OIL BURNER,2.52,B
21730,GLASS STAR FROSTED T-LIGHT HOLDER,3.19,B
85114C,RED ENCHANTED FOREST PLACEMAT,1.67,B
22107,PIZZA PLATE IN BOX,3.76,B
23281,FOLDING BUTTERFLY MIRROR RED,0.99,B
23270,SET OF 2 CERAMIC PAINTED HEARTS,1.27,B
23432,PRETTY HANGING QUILTED HEARTS,0.72,B
21644,ASSORTED TUTTI FRUTTI HEART BOX,1.45,B
21446,12 RED ROSE PEG PLACE SETTINGS,2.42,B
23426,METAL SIGN DROP YOUR PANTS,2.0,B
20871,OPULENT VELVET SET/3 CANDLES,1.25,B
22789,T-LIGHT HOLDER SWEETHEART HANGING,1.99,B
17109D,FLOWER FAIRY INCENSE BOUQUET,0.4,B
22316,200 BENDY SKULL STRAWS,1.18,B
22942,CHRISTMAS LIGHTS 10 SANTAS,2.56,B
84459A,PINK METAL CHICKEN HEART,2.01,B
22307,GOLD MUG BONE CHINA TREE OF LIFE,1.2,B
72598,SET/12 TAPER CANDLES,1.61,B
21869,POTTING SHED COFFEE MUG,1.09,B
79323G,GOLD  CHERRY LIGHTS,0.59,B
22859,EASTER TIN BUNNY BOUQUET,1.64,B
72799E,IVORY PILLAR CANDLE SILVER FLOCK,1.83,B
22162,HEART GARLAND RUSTIC PADDED,2.67,B
21115,ROSE CARAVAN DOORSTOP,4.23,B
84466,TOP SECRET PEN SET,0.72,B
21419,CONCH SHELL,0.18,B
23433,HANGING QUILTED PATCHWORK APPLES,0.85,B
22844,VINTAGE CREAM DOG FOOD CONTAINER,4.92,B
20986,BLUE CALCULATOR RULER,2.08,B
37482B,CUBIC MUG BLUE POLKA DOT,0.09,B
21653,GLASS ETCHED T-LIGHT HOLDER LARGE,1.14,B
23189,SET OF 12 FORK CANDLES,1.35,B
22541,MINI JIGSAW LEAP FROG,0.66,B
21382,SET/4 SPRING FLOWER DECORATION,1.5,B
23226,FILIGREE HEART DAISY WHITE,0.94,B
44234,ASSORTED CIRCULAR MOBILE,0.67,B
22857,ASSORTED EASTER GIFT TAGS,0.66,B
22218,CAKE STAND LACE WHITE,2.56,B
84279P,CHERRY BLOSSOM  DECORATIVE FLASK,2.95,B
23543,KEEP CALM WALL ART,1.01,B
21396,RED SPOTTY EGG CUP,0.75,B
22976,CIRCUS PARADE CHILDRENS EGG CUP,1.57,B
84559B,3D SHEET OF CAT STICKERS,1.95,B
82567,"AIRLINE LOUNGE,METAL SIGN",4.76,B
85106,CUT GLASS HEXAGON T-LIGHT HOLDER,0.64,B
23086,ZINC  STAR T-LIGHT HOLDER,0.46,B
22968,ROSE COTTAGE KEEPSAKE BOX,3.22,B
85202,HANGING WOOD AND FELT HEART,2.17,B
47469,ASSORTED SHAPES PHOTO CLIP SILVER,0.38,B
75131,METAL TUBE CHIME ON BAMBOO,0.68,B
23379,PACK OF 12 RED APPLE TISSUES,0.73,B
22255,FELT TOADSTOOL  SMALL,1.45,B
47422,ASSORTED MONKEY SUCTION CUP HOOK,0.81,B
37502,TEA TIME MUG IN GIFT BOX,1.7,B
21925,UNION STRIPE CUSHION COVER,1.63,B
21676,FLOWERS  STICKERS,1.54,B
22800,ANTIQUE TALL SWIRLGLASS TRINKET POT,2.75,B
16054,POPART RECT PENCIL SHARPENER ASST,0.37,B
84519A,TOMATO CHARLIE+LOLA COASTER SET,1.96,B
51020B,STRIPY DESIGN SHOWER CAP,0.6,B
23505,PLAYING CARDS I LOVE LONDON,1.16,B
35810A,ENAMEL PINK COFFEE CONTAINER,1.65,B
22176,BLUE OWL SOFT TOY,2.59,B
23267,SET OF 4 SANTA PLACE SETTINGS,1.06,B
21654,RIDGED GLASS FINGER BOWL,0.82,B
79337,BLUE FLOCK GLASS CANDLEHOLDER,0.22,B
22930,BAKING MOULD HEART MILK CHOCOLATE,1.89,B
82613D,METAL SIGN CUPCAKE SINGLE HOOK,2.67,B
84510B,SET OF 4 FAIRY CAKES COASTERS,1.59,B
22414,DOORMAT NEIGHBOURHOOD WITCH,2.18,B
22768,FAMILY PHOTO FRAME CORNICE,3.57,B
85189,HANGING BUTTERFLY  EGG,0.68,B
21386,IVORY HANGING DECORATION  EGG,1.07,B
85034B,3 WHITE CHOC MORRIS BOXED CANDLES,1.5,B
35964,FOLKART CLIP ON STARS,1.31,B
22847,"BREAD BIN, DINER STYLE, IVORY",4.7,B
22104,MIRROR MOSAIC CANDLE PLATE,0.96,B
22681,"FRENCH BLUE METAL DOOR SIGN, 6",1.92,B
22247,BUNNY DECORATION MAGIC GARDEN,1.83,B
21581,SKULLS  DESIGN  COTTON TOTE BAG,2.04,B
21615,4 LAVENDER BOTANICAL DINNER CANDLES,1.67,B
23360,SET 8 CANDLES VINTAGE DOILEY,1.13,B
21109,"LARGE CAKE TOWEL, CHOCOLATE SPOTS",2.26,B
23274,STAR T-LIGHT HOLDER WILLIE WINKIE,1.17,B
21867,PINK UNION JACK  LUGGAGE TAG,3.1,B
84247L,FAWN AND MUSHROOM GREETING CARD,1.09,B
22682,"FRENCH BLUE METAL DOOR SIGN, 7",1.83,B
23250,VINTAGE RED TRIM ENAMEL BOWL,1.05,B
23691,KEEP CALM BIRTHDAY WRAP,0.36,B
84748,FOLK FELT HANGING MULTICOL GARLAND,0.92,B
21469,POLKA DOT RAFFIA FOOD COVER,2.03,B
22854,CREAM SWEETHEART EGG HOLDER,2.4,B
22967,SET 3 SONG BIRD PAPER EGGS ASSORTED,1.32,B
23134,LARGE ZINC HEART WALL ORGANISER,0.38,B
84912A,PINK ROSE WASHBAG,2.26,B
22723,SET OF 6 HERB TINS SKETCHBOOK,2.89,B
85017A,ENVELOPE 50 ROMANTIC IMAGES,1.72,B
35958,FOLKART ZINC STAR CHRISTMAS DEC,0.87,B
20803,SMALL PINK GLASS SUNDAE DISH,0.84,B
21616,4 PEAR BOTANICAL DINNER CANDLES,1.9,B
22314,OFFICE MUG WARMER CHOC+BLUE,2.58,B
22122,SET OF 2 FANCY FONT TEA TOWELS,1.9,B
21725,SWEETIES  STICKERS,1.74,B
21913,VINTAGE SEASIDE JIGSAW PUZZLES,2.96,B
21777,RECIPE BOX WITH METAL HEART,3.63,B
22683,"FRENCH BLUE METAL DOOR SIGN, 8",1.94,B
22863,SOAP DISH BROCANTE,1.75,B
22982,PANTRY PASTRY BRUSH,2.03,B
21486,PINK HEART DOTS HOT WATER BOTTLE,2.95,B
23113,PANTRY CHOPPING BOARD,0.54,B
84031A,CHARLIE+LOLA RED HOT WATER BOTTLE,3.17,B
22498,WOODEN REGATTA BUNTING,3.71,B
40003,WHITE BAMBOO RIBS LAMPSHADE,0.58,B
22038,BOTANICAL LAVENDER GIFT WRAP,0.43,B
22689,DOORMAT MERRY CHRISTMAS RED,2.61,B
84912B,GREEN ROSE WASHBAG,2.58,B
21358,TOAST ITS - HAPPY BIRTHDAY,2.16,B
20967,GREY FLORAL FELTCRAFT SHOULDER BAG,3.12,B
84493,BLUE/PINK NEST STRIPE BOX,0.05,B
20867,PINK ROSE FABRIC MIRROR,1.53,B
84596E,SMALL LICORICE DES PINK BOWL,2.02,B
21721,CANDY SHOP  STICKER SHEET,1.49,B
22068,BLACK PIRATE TREASURE CHEST,2.81,B
21619,4 VANILLA BOTANICAL CANDLES,2.1,B
35809A,ENAMEL PINK TEA CONTAINER,1.71,B
22858,EASTER TIN KEEPSAKE,1.35,B
22031,BOTANICAL LAVENDER BIRTHDAY CARD,1.36,B
72799F,IVORY PILLAR CANDLE GOLD FLOCK,1.08,B
84924D,LA PALMIERA METAL SIGN CALENDAR,0.15,B
21351,CINAMMON & ORANGE WREATH,1.76,B
21822,GLITTER CHRISTMAS TREE WITH BELLS,1.54,B
21518,BANK ACCOUNT  GREETING  CARD,1.06,B
37343,SPOTS DESIGN MUG W PINK INSIDE,1.03,B
84078A,SET/4 WHITE RETRO STORAGE CUBES,3.13,B
22472,TV DINNER TRAY DOLLY GIRL,2.51,B
37379B,BLUE CHERRY BLOSSOM CUP & SAUCER,0.03,B
23389,SPACEBOY MINI BACKPACK,2.32,B
21470,FLOWER VINE RAFFIA FOOD COVER,3.15,B
21589,SWALLOW GIANT TUBE MATCHES,0.85,B
21828,EIGHT PIECE SNAKE  SET,1.84,B
21991,BOHEMIAN COLLAGE STATIONERY SET,2.87,B
90058B,CRYSTAL STUD EARRINGS ASSORTED COL,0.29,B
47591B,SCOTTIES DES CHILD'S APRON,2.85,B
21726,MULTI HEARTS  STICKERS,1.6,B
23126,DOLLCRAFT GIRL AMELIE KIT,2.84,B
22246,"GARLAND, MAGIC GARDEN 1.8M",1.87,B
85017C,ENVELOPE 50 CURIOUS IMAGES,1.21,B
21620,S/4 ROSE    BOTANICAL  CANDLE,2.24,B
22232,3 PIECE JIGSAW TOADSTOOLS,1.5,B
22485,SET OF 2 WOODEN MARKET CRATES,4.03,B
84926E,FLOWERS TILE COASTER,0.51,B
22202,MILK PAN PINK RETROSPOT,2.67,B
23369,SET 36 COLOUR PENCILS LOVE LONDON,1.23,B
22514,CHILDS GARDEN SPADE BLUE,2.34,B
20801,LARGE PINK GLASS SUNDAE DISH,1.13,B
84510F,SET OF 4 NEW ENGLAND COASTERS,0.38,B
22215,CAKE STAND WHITE TWO TIER LACE,3.49,B
16161M,WRAP  PINK FLOCK,0.39,B
47591C,BLUE FAIRY CAKE CHILD'S APRON,1.55,B
22685,"FRENCH BLUE METAL DOOR SIGN, 0",1.6,B
40018F,CHERRY DESIGN PAPERLANTERNS,1.14,B
72807B,SET/3 OCEAN SCENT CANDLE JEWEL BOX,2.3,B
84827,ASS DES PHONE SPONGE CRAFT STICKER,0.36,B
77101A,UNION FLAG WINDSOCK,0.89,B
85215,ASSORTED CHEESE FRIDGE MAGNETS,0.7,B
22905,CALENDAR IN SEASON DESIGN,1.9,B
22606,WOODEN SKITTLES GARDEN SET,3.7,B
84580,MOUSE TOY WITH PINK T-SHIRT,4.44,B
47585A,PINK FAIRY CAKE CUSHION COVER,1.43,B
21208,PASTEL COLOUR HONEYCOMB FAN,1.18,B
21333,CLASSIC WHITE FRAME,2.18,B
21720,CAKE SHOP  STICKER SHEET,1.1,B
16258A,SWIRLY CIRCULAR RUBBERS IN BAG,1.02,B
85231L,LAVENDER SCENTED SET/9 T-LIGHTS,1.15,B
23080,RED METAL BOX TOP SECRET,2.51,B
21400,RED PUDDING SPOON,0.87,B
21062,PARTY INVITES SPACEMAN,1.33,B
72045D,ROSES ON BLUE TEACUP CANDLE,0.09,B
20663,QUEEN OF THE SKIES HOLIDAY PURSE,0.44,B
23548,WRAP MAGIC FOREST,0.41,B
23012,GLASS APOTHECARY BOTTLE PERFUME,2.39,B
84535A,ENGLISH ROSE NOTEBOOK A6 SIZE,0.64,B
35920,FOUR RABBIT EASTER DECORATIONS,0.23,B
17013D,ORIGAMI ROSE INCENSE IN TUBE,0.3,B
22647,CERAMIC LOVE HEART MONEY BANK,0.82,B
21472,LADYBIRD + BEE RAFFIA FOOD COVER,2.79,B
21910,WAY OUT METAL SIGN,1.07,B
20802,SMALL GLASS SUNDAE DISH CLEAR,1.13,B
22278,OVERNIGHT BAG VINTAGE ROSE PAISLEY,3.88,B
21009,ETCHED GLASS STAR TREE DECORATION,1.04,B
23509,MINI PLAYING CARDS FUN FAIR,0.65,B
21882,SKULLS TAPE,1.23,B
22515,CHILDS GARDEN SPADE PINK,2.09,B
23530,WALL ART ONLY ONE PERSON,0.84,B
22977,DOLLY GIRL CHILDRENS EGG CUP,1.47,B
16202B,PASTEL BLUE PHOTO ALBUM,0.22,B
84569D,PACK 6 HEART/ICE-CREAM PATCHES,1.8,B
84817,DANISH ROSE DECORATIVE PLATE,0.76,B
85047,WHITE BEADED GARLAND STRING 20LIGHT,2.33,B
35648,VINTAGE BEAD PINK PURSE,1.43,B
20770,ABSTRACT CIRCLE JOURNAL,2.0,B
21972,SET OF 36 DINOSAUR PAPER DOILIES,1.64,B
21537,RETRO SPOTS PUDDING BOWL,2.61,B
23237,SET OF 4 KNICK KNACK TINS LEAVES,1.7,B
85200,BUNNY EGG BOX,1.03,B
23404,HOME SWEET HOME BLACKBOARD,1.62,B
21248,DOOR HANGER  MUM + DADS ROOM,1.55,B
22283,6 EGG HOUSE PAINTED WOOD,3.72,B
72038P,PRICE'S CANDLE PEACH,0.09,B
21638,ASSORTED TUTTI FRUTTI NOTEBOOK,1.46,B
22374,AIRLINE BAG VINTAGE JET SET RED,4.27,B
22778,GLASS CLOCHE SMALL,2.03,B
23096,PETIT TRAY CHIC,1.41,B
21579,LOLITA  DESIGN  COTTON TOTE BAG,1.4,B
17084P,DRAGONS BLOOD INCENSE,0.7,B
22811,SET OF 6 T-LIGHTS CACTI,1.42,B
21724,PANDA AND BUNNIES STICKER SHEET,1.78,B
21324,HANGING MEDINA LANTERN SMALL,1.8,B
21219,SET/4 BADGES BALLOON GIRL,1.75,B
79030D,"TUMBLER, BAROQUE",0.62,B
23132,SMALL IVORY HEART WALL ORGANISER,1.48,B
23061,VINTAGE EMBOSSED HEART,1.14,B
21636,MADRAS NOTEBOOK MEDIUM,1.02,B
21467,CHERRY CROCHET FOOD COVER,2.5,B
47504H,ENGLISH ROSE SPIRIT LEVEL,1.36,B
22947,WOODEN ADVENT CALENDAR RED,2.12,B
22120,WELCOME  WOODEN BLOCK LETTERS,3.57,B
21426,WOODLAND STORAGE BOX SMALL,0.97,B
22684,"FRENCH BLUE METAL DOOR SIGN, 9",1.68,B
22845,VINTAGE CREAM CAT FOOD CONTAINER,3.91,B
22937,BAKING MOULD CHOCOLATE CUPCAKES,1.64,B
22313,OFFICE MUG WARMER PINK,1.37,B
22767,TRIPLE PHOTO FRAME CORNICE,2.91,B
22721,SET OF 3 CAKE TINS SKETCHBOOK,2.86,B
21808,"CHRISTMAS GARLAND STARS,TREES",1.44,B
22100,SKULLS SQUARE TISSUE BOX,1.36,B
85173,SET/6 FROG PRINCE T-LIGHT CANDLES,1.47,B
21363,HOME SMALL WOOD LETTERS,4.09,B
22180,RETRO SPOT LAMP,4.03,B
22275,WEEKEND BAG VINTAGE ROSE PAISLEY,3.09,B
20941,FROG CANDLE,1.21,B
21698,MOCK LOBSTER FRIDGE MAGNET,1.14,B
16258B,DAISY ERASERS IN BAG,0.16,B
21195,PINK  HONEYCOMB PAPER BALL,1.49,B
22742,MAKE YOUR OWN PLAYTIME CARD KIT,1.82,B
16161C,WRAP SPEED DEMONS,0.04,B
21625,VINTAGE UNION JACK APRON,3.4,B
22248,DECORATION  PINK CHICK MAGIC GARDEN,1.73,B
79320,FLAMINGO LIGHTS,1.45,B
23255,CHILDRENS CUTLERY CIRCUS PARADE,1.51,B
23299,FOOD COVER WITH BEADS SET 2,1.41,B
21285,RETRO SPOT CANDLE  MEDIUM,0.96,B
79062D,"RETRO TIN ASHTRAY,REVOLUTIONARY",0.05,B
23526,DOG LICENCE WALL ART,1.37,B
16254,TRANSPARENT ACRYLIC TAPE DISPENSER,0.4,B
21926,RED/CREAM STRIPE CUSHION COVER,1.41,B
23283,DOORMAT VINTAGE LEAVES DESIGN,2.23,B
21707,"FOLDING UMBRELLA , BLACK/BLUE  SPOT",1.67,B
84989B,75 BLACK FAIRY CAKE CASES,0.55,B
21286,RETRO SPOT CANDLE  LARGE,0.98,B
